id;IDX;type;geneid;ecocycid;symbol;ntseqlen;aaseqlen;aaseq;ntseq;mass;comments
alatrna;c000001;acyl-tRNA;b2396, b2397, b3276, b3853, b0203;EG30012, EG30011, EG30009, EG30008, EG30010;alaX, alaW, alaU, alaT, alaV;76;0;;ggggctatagctcagctgggagagcgcttgcatggcatgcaagaggtcagcggttcgatcccgcttagctccacca;24587.5;Only showing first gene sequence
argtrna;c000002;acyl-tRNA;b0536, b2693, b2691, b2694, b3796, b2348, b2692;EG30014, EG30018, EG30013, EG30015, EG30017, EG30016, EG30019;argU, argY, argQ, argV, argX, argW, argZ;77;0;;gcgcccttagctcagttggatagagcaacgaccttctaagtcgtgggccgcaggttcgaatcctgcagggcgcgcca;24852.7;Only showing first gene sequence
asntrna;c000003;acyl-tRNA;b1986, b1984, b1977, b1989;EG30021,G7069, EG30020, EG30022;asnU,asnW, asnT, asnV;77;0;;tcctctgtagttcagtcggtagaacggcggactgttaatccgtatgtcactggttcgagtccagtcagaggagcca;24496.4;Only showing first gene sequence
asptrna;c000004;acyl-tRNA;b0206, b3760, b0216;EG30024, EG30023, EG30025;aspU, aspT, aspV;77;0;;ggagcggtagttcagtcggttagaatacctgcctgtcacgcagggggtcgcgggttcgagtcccgtccgttccgcca;24878.6;Only showing first gene sequence
cystrna;c000005;acyl-tRNA;b1910;G7991;cysT;74;0;;ggcgcgttaacaaagcggttatgtagcggattgcaaatccgtctagtccggttcgactccggaacgcgcctcca;23842.1;Only showing first gene sequence
emettrna;c000006;acyl-tRNA;b0673, b0666;EG30058, EG30059;metT, metU;77;0;;ggctacgtagctcagttggttagagcacatcactcataatgatggggtcacaggttcgaatcccgtcgtagccacca;24791.6;Only showing first gene sequence
glntrna;c000007;acyl-tRNA;b0670, b0655, b0668, b0664;EG30028, EG30029, EG30030, EG30031;glnU, glnV, glnW, glnX;75;0;;tggggtatcgccaagcggtaaggcaccggtttttgataccggcattccctggttcgaatccaggtaccccagcca;24124.0;Only showing first gene sequence
glutrna;c000008;acyl-tRNA;b3969, b3757, b4008, b2590 ;EG30032, EG30033, EG30034, EG30035;gltT, gltU, gltV, gltW;76;0;;gtccccttcgtctagaggcccaggacaccgccctttcacggcggtaacaggggttcgaatcccctaggggacgcca;24441.5;Only showing first gene sequence
glytrna;c000009;acyl-tRNA;b3978, b2864, b4163, b1911, b4164, b4165;EG30036, EG30037, EG30038, EG30039, EG30040;glyT, glyU, glyV, glyW, glyX, glyY;75;0;;gcgggcatcgtataatggctattacctcagccttccaagctgatgatgcgggttcgattcccgctgcccgctcca;23998.1;Only showing first gene sequence
histrna;c000010;acyl-tRNA;b3797;EG30042;hisR;85;0;;ggtggggttcccgagcggccaaagggagcagactgtaaatctgccgtcacagacttcgaaggttcgaatccttcccccaccacca;27374.2;Only showing first gene sequence
iletrna;c000011;acyl-tRNA;b3852, b3277, b0202, b3069, b2652;EG30043, EG30044, EG30045, EG30046, G7387;ileT, ileU, ileV, ileX, ileY;77;0;;ggtggggttcccgagcggccaaagggagcagactgtaaatctgccgtcacagacttcgaaggttcgaatccttcccccaccacca;24918.7;Only showing first gene sequence
imettrna;c000012;acyl-tRNA;b2816, b2815, b3171, b2814;EG30060, EG31117, EG30061, EG30062;metV, metW, metY, metZ;77;;;cgcggggtggagcagcctggtagctcgtcgggctcataacccgaaggtcgtcggttcaaatccggcccccgcaacca;24865.7;Only showing first gene sequence
leutrna;c000013;acyl-tRNA;b3174, b0672, b4270, b3798, b4370, b4369, b1909, b4368;EG30050, EG30052, EG30053, EG30049, EG30048, EG30047, EG30054, EG30051;leuU, leuW, leuX, leuT, leuQ, leuP, leuZ, leuV;87;0;;gccgaggtggtggaattggtagacacgctaccttgaggtggtagtgcccaatagggcttacgggttcaagtcccgtcctcggtacca;28157.6;Only showing first gene sequence
lystrna;c000014;acyl-tRNA;b0749, b0747, b0745, b0743, b0748, b2404;G6392, G6390, EG30057, EG30055, G6391, EG30056;lysQ, lysY, lysW, lysT , lysZ, lysV;76;0;;gggtcgttagctcagttggtagagcagttgacttttaatcaattggtcgcaggttcgaatcctgcacgacccacca;24441.4;Only showing first gene sequence
phetrna;c000015;acyl-tRNA;b4134, b2967;EG30064, EG30065;pheU, pheV;76;0;;gcccggatagctcagtcggtagagcaggggattgaaaatccccgtgtccttggttcgattccgagtccgggcacca;24548.0;Only showing first gene sequence
protrna;c000016;acyl-tRNA;b3545, b2189;EG30066, EG30067;proK, proL;77;0;;cggtgattggcgcagcctggtagcgcacttcgttcgggacgaaggggtcggaggttcgaatcctctatcaccgacca;24909.7;Only showing first gene sequence
sertrna;c000017;acyl-tRNA;b1975, b2695, b0883, b1032, b0971;EG30094, EG30095, EG30096, EG30097, EG30093;serU, serV, serW, serX, serT;90;0;;ggagagatgccggagcggctgaacggaccggtctcgaaaaccggagtaggggcaactctaccgggggttcaaatccccctctctccgcca;29138.3;Only showing first gene sequence
thrtrna;c000019;acyl-tRNA;b3976, b0244, b3979, b3273;EG30101, EG30104, EG30101, EG30103;thrU, thrW, thrT, thrV;76;0;;gccgacttagctcagtaggtagagcaactgacttgtaatcagtaggtcaccagttcgattccggtagtcggcacca;24486.5;Only showing first gene sequence
trptrna;c000020;acyl-tRNA;b3761;EG30105;trpT;76;0;;aggggcgtagttcaattggtagagcaccggtctccaaaaccgggtgttgggagttcgagtctctccgcccctgcca;24525.5;Only showing first gene sequence
tyrtrna;c000021;acyl-tRNA;b3977, b1230, b1231;EG30106, EG30108, EG30106;tyrU, tyrV, tyrT;85;0;;ggtggggttcccgagcggccaaagggagcagactgtaaatctgccgtcacagacttcgaaggttcgaatccttcccccaccacca;27374.2;Only showing first gene sequence
valtrna;c000022;acyl-tRNA;b2401, b1666, b1665, b2402, b0744, b0746, b2403;EG30109, EG30112, EG30111, EG30113, EG30109, ECK0735, EG30114;valU, valW, valV, valX, valT, valZ, valY;76;0;;gggtgattagctcagctgggagagcacctcccttacaaggagggggtcggcggttcgatcccgtcatcacccacca;24546.5;Only showing first gene sequence
100s;c000023;assembly;;;;;;;;6570720.0;Estimated from the sum of its components
30s;c000024;assembly;;;;;;;;791940.0;Estimated from the sum of its components
30sini;c000025;assembly;;;;;;;;1798560.0;Estimated from the sum of its components
30spic;c000026;assembly;;;;;;;;962293.0;Estimated from the sum of its components
50s;c000027;assembly;;;;;;;;1468560.0;Estimated from the sum of its components
70s;c000028;assembly;;;;;;;;3267120.0;Estimated from the sum of its components
90s;c000029;assembly;;;;;;;;6557280.0;Estimated from the sum of its components
magnesium;c000030;ion;;;;;;;;24.0;
manganese;c000031;ion;;;;;;;;54.9;
pi;c000032;ion;;;;;;;;97.0;
zinc;c000033;ion;;;;;;;;65.4;
4fe4s;c000034;metabolite;;;;;;;;351.4;
accoa;c000035;metabolite;;;;;;;;809.0;
adp;c000036;metabolite;;;;;;;;427.0;
ahcys;c000037;metabolite;;;;;;;;384.0;
amet;c000038;metabolite;;;;;;;;398.0;
amp;c000039;metabolite;;;;;;;;347.0;
atp;c000040;metabolite;;;;;;;;507.0;
coa;c000041;metabolite;;;;;;;;767.0;
gdp;c000042;metabolite;;;;;;;;443.0;
gtp;c000043;metabolite;;;;;;;;523.0;
asite;c000044;placeholder;;;;;;;;3267120.0;Estimated from the sum of its components
psite;c000045;placeholder;;;;;;;;3267120.0;Estimated from the sum of its components
esite;c000046;placeholder;;;;;;;;3267120.0;Estimated from the sum of its components
inactiveasite;c000047;placeholder;;;;;;;;1089040.0;Estimated from the sum of its components
mrna;c000048;placeholder;;;;1000;0;;;330000.0;Assuming a 1000 nucleotides RNA
peptide;c000049;placeholder;;;;0;360;;;43200.0;Assuming a 360 aminoacids protein
efg;c000050;protein;b3340;EG10360;fusA;2115;704;MARTTPIARYRNIGISAHIDAGKTTTTERILFYTGVNHKIGEVHDGAATMDWMEQEQERGITITSAATTAFWSGMAKQYEPHRINIIDTPGHVDFTIEVERSMRVLDGAVMVYCAVGGVQPQSETVWRQANKYKVPRIAFVNKMDRMGANFLKVVNQIKTRLGANPVPLQLAIGAEEHFTGVVDLVKMKAINWNDADQGVTFEYEDIPADMVELANEWHQNLIESAAEASEELMEKYLGGEELTEAEIKGALRQRVLNNEIILVTCGSAFKNKGVQAMLDAVIDYLPSPVDVPAINGILDDGKDTPAERHASDDEPFSALAFKIATDPFVGNLTFFRVYSGVVNSGDTVLNSVKAARERFGRIVQMHANKREEIKEVRAGDIAAAIGLKDVTTGDTLCDPDAPIILERMEFPEPVISIAVEPKTKADQEKMGLALGRLAKEDPSFRVWTDEESNQTIIAGMGELHLDIIVDRMKREFNVEANVGKPQVAYRETIRQKVTDVEGKHAKQSGGRGQYGHVVIDMYPLEPGSNPKGYEFINDIKGGVIPGEYIPAVDKGIQEQLKAGPLAGYPVVDMGIRLHFGSYHDVDSSELAFKLAASIAFKEGFKKAKPVLLEPIMKVEVETPEENTGDVIGDLSRRRGMLKGQESEVTGVKIHAEVPLSEMFGYATQLRSLTKGRASYTMEFLKYDEAPSNVAQAVIEARGK;atggctcgtacaacacccatcgcacgctaccgtaacatcggtatcagtgcgcacatcgacgccggtaaaaccactactaccgaacgtattctgttctacaccggtgtaaaccataaaatcggtgaagttcatgacggcgctgcaaccatggactggatggagcaggagcaggaacgtggtattaccatcacttccgctgcgactactgcattctggtctggtatggctaagcagtatgagccgcatcgcatcaacatcatcgacaccccggggcacgttgacttcacaatcgaagtagaacgttccatgcgtgttctcgatggtgcggtaatggtttactgcgcagttggtggtgttcagccgcagtctgaaaccgtatggcgtcaggcaaacaaatataaagttccgcgcattgcgttcgttaacaaaatggaccgcatgggtgcgaacttcctgaaagttgttaaccagatcaaaacccgtctgggcgcgaacccggttccgctgcagctggcgattggtgctgaagaacatttcaccggtgttgttgacctggtgaaaatgaaagctatcaactggaacgacgctgaccagggcgtaaccttcgaatacgaagatatcccggcagacatggttgaactggctaacgaatggcaccagaacctgatcgaatccgcagctgaagcttctgaagagctgatggaaaaatacctgggtggtgaagaactgactgaagcagaaatcaaaggtgctctgcgtcagcgcgttctgaacaacgaaatcatcctggtaacctgtggttctgcgttcaagaacaaaggtgttcaggcgatgctggatgcggtaattgattacctgccatccccggttgacgtacctgcgatcaacggtatcctggacgacggtaaagacactccggctgaacgtcacgcaagtgatgacgagccgttctctgcactggcgttcaaaatcgctaccgacccgtttgttggtaacctgaccttcttccgtgtttactccggtgtggttaactctggtgataccgtactgaactccgtgaaagctgcacgtgagcgtttcggtcgtatcgttcagatgcacgctaacaaacgtgaagagatcaaagaagttcgcgcgggcgacatcgctgctgctatcggtctgaaagacgtaaccactggtgacaccctgtgtgacccggatgcgccgatcattctggaacgtatggaattccctgagccggtaatctccatcgcagttgaaccgaaaaccaaagctgaccaggaaaaaatgggtctggctctgggccgtctggctaaagaagacccgtctttccgtgtatggactgacgaagaatctaaccagaccatcatcgcgggtatgggcgaactgcacctcgacatcatcgttgaccgtatgaagcgtgaattcaacgttgaagcgaacgtaggtaaaccgcaggttgcttaccgtgaaactatccgccagaaagttaccgatgttgaaggtaaacacgcgaaacagtctggtggtcgtggtcagtatggtcatgttgttatcgacatgtacccgctggagccgggttcaaacccgaaaggctacgagttcatcaacgacattaaaggtggtgtaatccctggcgaatacatcccggccgttgataaaggtatccaggaacagctgaaagcaggtccgctggcaggctacccggtagtagacatgggtattcgtctgcacttcggttcttaccatgacgttgactcctctgaactggcgtttaaactggctgcttctatcgcctttaaagaaggctttaagaaagcgaaaccagttctgcttgagccgatcatgaaggttgaagtagaaactccggaagagaacaccggtgacgttatcggtgacttgagccgtcgtcgtggtatgctcaaaggtcaggaatctgaagttactggcgttaagatccacgctgaagtaccgctgtctgaaatgttcggatacgcaactcagctgcgttctctgaccaaaggtcgtgcatcatacactatggaattcctgaagtatgatgaagcgccgagtaacgttgctcaggccgtaattgaagcccgtggtaaataa;77580.4;
efts;c000051;protein;b0170;EG11033;tsf;852;283;MAEITASLVKELRERTGAGMMDCKKALTEANGDIELAIENMRKSGAIKAAKKAGNVAADGVIKTKIDGNYGIILEVNCQTDFVAKDAGFQAFADKVLDAAVAGKITDVEVLKAQFEEERVALVAKIGENINIRRVAALEGDVLGSYQHGARIGVLVAAKGADEELVKHIAMHVAASKPEFIKPEDVSAEVVEKEYQVQLDIAMQSGKPKEIAEKMVEGRMKKFTGEVSLTGQPFVMEPSKTVGQLLKEHNAEVTGFIRFEVGEGIEKVETDFAAEVAAMSKQS;atggctgaaattaccgcatccctggtaaaagagctgcgtgagcgtactggcgcaggcatgatggattgcaaaaaagcactgactgaagctaacggcgacatcgagctggcaatcgaaaacatgcgtaagtccggtgctattaaagcagcgaaaaaagcaggcaacgttgctgctgacggcgtgatcaaaaccaaaatcgacggcaactacggcatcattctggaagttaactgccagactgacttcgttgcaaaagacgctggtttccaggcgttcgcagacaaagttctggacgcagctgttgctggcaaaatcactgacgttgaagttctgaaagcacagttcgaagaagaacgtgttgcgctggtagcgaaaattggtgaaaacatcaacattcgccgcgttgctgcgctggaaggcgacgttctgggttcttatcagcacggtgcgcgtatcggcgttctggttgctgctaaaggcgctgacgaagagctggttaaacacatcgctatgcacgttgctgcaagcaagccagaattcatcaaaccggaagacgtatccgctgaagtggtagaaaaagaataccaggtacagctggatatcgcgatgcagtctggtaagccgaaagaaatcgcagagaaaatggttgaaggccgcatgaagaaattcaccggcgaagtttctctgaccggtcagccgttcgttatggaaccaagcaaaactgttggtcagctgctgaaagagcataacgctgaagtgactggcttcatccgcttcgaagtgggtgaaggcatcgagaaagttgagactgactttgcagcagaagttgctgcgatgtccaagcagtcttaa;30422.6;
eftu;c000052;protein;b3339;EG11036;tufA;1185;394;MSKEKFERTKPHVNVGTIGHVDHGKTTLTAAITTVLAKTYGGAARAFDQIDNAPEEKARGITINTSHVEYDTPTRHYAHVDCPGHADYVKNMITGAAQMDGAILVVAATDGPMPQTREHILLGRQVGVPYIIVFLNKCDMVDDEELLELVEMEVRELLSQYDFPGDDTPIVRGSALKALEGDAEWEAKILELAGFLDSYIPEPERAIDKPFLLPIEDVFSISGRGTVVTGRVERGIIKVGEEVEIVGIKETQKSTCTGVEMFRKLLDEGRAGENVGVLLRGIKREEIERGQVLAKPGTIKPHTKFESEVYILSKDEGGRHTPFFKGYRPQFYFRTTDVTGTIELPEGVEMVMPGDNIKMVVTLIHPIAMDDGLRFAIREGGRTVGAGVVAKVLG;gtgtctaaagaaaaatttgaacgtacaaaaccgcacgttaacgttggtactatcggccacgttgaccacggtaaaactactctgaccgctgcaatcaccaccgtactggctaaaacctacggcggtgctgctcgtgcattcgaccagatcgataacgcgccggaagaaaaagctcgtggtatcaccatcaacacttctcacgttgaatacgacaccccgacccgtcactacgcacacgtagactgcccggggcacgccgactatgttaaaaacatgatcaccggtgctgctcagatggacggcgcgatcctggtagttgctgcgactgacggcccgatgccgcagactcgtgagcacatcctgctgggtcgtcaggtaggcgttccgtacatcatcgtgttcctgaacaaatgcgacatggttgatgacgaagagctgctggaactggttgaaatggaagttcgtgaacttctgtctcagtacgacttcccgggcgacgacactccgatcgttcgtggttctgctctgaaagcgctggaaggcgacgcagagtgggaagcgaaaatcctggaactggctggcttcctggattcttatattccggaaccagagcgtgcgattgacaagccgttcctgctgccgatcgaagacgtattctccatctccggtcgtggtaccgttgttaccggtcgtgtagaacgcggtatcatcaaagttggtgaagaagttgaaatcgttggtatcaaagagactcagaagtctacctgtactggcgttgaaatgttccgcaaactgctggacgaaggccgtgctggtgagaacgtaggtgttctgctgcgtggtatcaaacgtgaagaaatcgaacgtggtcaggtactggctaagccgggcaccatcaagccgcacaccaagttcgaatctgaagtgtacattctgtccaaagatgaaggcggccgtcatactccgttcttcaaaggctaccgtccgcagttctacttccgtactactgacgtgactggtaccatcgaactgccggaaggcgtagagatggtaatgccgggcgacaacatcaaaatggttgttaccctgatccacccgatcgcgatggacgacggtctgcgtttcgcaatccgtgaaggcggccgtaccgttggcgcgggcgttgttgctaaagttctgggctaa;43283.0;
era;c000053;protein;b2566;EG10270 ;era;906;301;MSIDKSYCGFIAIVGRPNVGKSTLLNKLLGQKISITSRKAQTTRHRIVGIHTEGAYQAIYVDTPGLHMEEKRAINRLMNKAASSSIGDVELVIFVVEGTRWTPDDEMVLNKLREGKAPVILAVNKVDNVQEKADLLPHLQFLASQMNFLDIVPISAETGLNVDTIAAIVRKHLPEATHHFPEDYITDRSQRFMASEIIREKLMRFLGAELPYSVTVEIERFVSNERGGYDINGLILVEREGQKKMVIGNKGAKIKTIGIEARKDMQEMFEAPVHLELWVKVKSGWADDERALRSLGYVDDL;atgagcatcgataaaagttactgcggatttattgccatcgtcggacgtccgaacgttggcaaatccacattgttgaacaaactgctggggcagaaaatctccatcacttcccgcaaggcgcagacaactcgtcaccgcattgtggggatccatactgaaggcgcgtatcaggcgatctacgtcgatacaccgggcctgcatatggaagaaaaacgcgccattaaccgcctgatgaacaaagcggcgagcagctctattggcgatgttgagctggtgatttttgtcgttgaaggcacccgctggacgccggacgacgaaatggtgctcaacaaactgcgcgaaggcaaagcgccggtaatcctcgcggtgaacaaagtggacaacgtgcaggagaaagccgatctgctgccgcacctgcagttcctggcaagccagatgaacttcctcgatatcgtgccaatctctgccgaaaccgggctgaatgttgacactattgcggcaatcgtgcgtaagcatctacctgaagcgactcatcacttcccggaagattacatcaccgatcgctcacagcgttttatggcgtctgaaatcatccgcgaaaaactgatgcgtttcctcggcgctgaactgccgtactccgtgaccgtggagatcgaacgtttcgtctctaacgaacgcggtggttatgacatcaacggtttgattctcgttgagcgtgaagggcagaagaagatggtcattggcaacaaaggggccaagatcaaaaccatcgggattgaagcgcgtaaagacatgcaggaaatgttcgaagcgcctgttcaccttgaactgtgggtaaaagtgaaatccggttgggccgacgacgaacgcgcactgcgcagtctcggttacgttgacgatctttaa;33809.7;
hpf;c000054;protein;b3203;EG11681;hpf;288;95;MQLNITGNNVEITEALREFVTAKFAKLEQYFDRINQVYVVLKVEKVTHTSDATLHVNGGEIHASAEGQDMYAAIDGLIDKLARQLTKHKDKLKQH;atgcagctcaacattaccggaaataacgtcgagatcaccgaggcactgcgcgaatttgttacagccaaatttgccaaacttgagcaatattttgaccgaatcaaccaggtctatgttgttctgaaagtggagaaagtcacccacacctcagatgcaacactgcatgtaaacggtggtgaaattcatgccagcgcggaaggtcaggacatgtacgctgccattgatggcttaattgataagctggcacgccagttgaccaaacataaagataaactgaaacaacactaa;10750.1;
if2;c000055;protein;b3168;EG10505;infB;2763;890;;;110520.0;
if1;c000056;protein;b0884;EG10504;infA;219;72;MAKEDNIEMQGTVLETLPNTMFRVELENGHVVTAHISGKMRKNYIRILTGDKVTVELTPYDLSKGRIVFRSR;atggccaaagaagacaatattgaaatgcaaggtaccgttcttgaaacgttgcctaataccatgttccgcgtagagttagaaaacggtcacgtggttactgcacacatctccggtaaaatgcgcaaaaactacatccgcatcctgacgggcgacaaagtgactgttgaactgaccccgtacgacctgagcaaaggccgcattgtcttccgtagtcgctga;8249.5;
if3;c000057;protein;b1718;EG10506;infC;543;180;MKGGKRVQTARPNRINGEIRAQEVRLTGLEGEQLGIVSLREALEKAEEAGVDLVEISPNAEPPVCRIMDYGKFLYEKSKSSKEQKKKQKVIQVKEIKFRPGTDEGDYQVKLRSLIRFLEEGDKAKITLRFRGREMAHQQIGMEVLNRVKDDLQELAVVESFPTKIEGRQMIMVLAPKKKQ;attaaaggcggaaaacgagttcaaacggcgcgccctaaccgtatcaatggcgaaattcgcgcccaggaagttcgcttaacaggtctggaaggcgagcagcttggtattgtgagtctgagagaagctctggagaaagcagaagaagccggagtagacttagtcgagatcagccctaacgccgagccgccggtttgtcgtataatggattacggcaaattcctctatgaaaagagcaagtcttctaaggaacagaagaaaaagcaaaaagttatccaggttaaggaaattaaattccgtcctggtacagatgaaggcgactatcaggtaaaactccgcagcctgattcgctttctcgaagagggtgataaagccaaaatcacgctgcgtttccgcggtcgtgagatggcgcaccagcaaatcggtatggaagtgcttaatcgcgtgaaagacgatttgcaagaactggcagtggtcgaatccttcccaacgaagatcgaaggccgccagatgatcatggtgctcgctcctaagaagaaacagtaa;20563.7;
prerpll;c000058;protein;b3986;EG10873;rplL;366;121;MSITKDQIIEAVAAMSVMDVVELISAMEEKFGVSAAAAVAVAAGPVEAAEEKTEFDVILKAAGANKVAVIKAVRGATGLGLKEAKDLVESAPAALKEGVSKDDAEALKKALEEAGAEVEVK;atgtctatcactaaagatcaaatcattgaagcagttgcagctatgtctgtaatggacgttgtagaactgatctctgcaatggaagaaaaattcggtgtttccgctgctgctgctgtagctgtagctgctggcccggttgaagctgctgaagaaaaaactgaattcgacgtaattctgaaagctgctggcgctaacaaagttgctgttatcaaagcagtacgtggcgcaactggcctgggtctgaaagaagctaaagacctggtagaatctgcaccggctgctctgaaagaaggcgtgagcaaagacgacgcagaagcactgaaaaaagctctggaagaagctggcgctgaagttgaagttaaataa;12295.1;
prerplk;c000059;protein;b3983;EG10872;rplK;429;142;MAKKVQAYVKLQVAAGMANPSPPVGPALGQQGVNIMEFCKAFNAKTDSIEKGLPIPVVITVYADRSFTFVTKTPPAAVLLKKAAGIKSGSGKPNKDKVGKISRAQLQEIAQTKAADMTGADIEAMTRSIEGTARSMGLVVED;atggctaagaaagtacaagcctatgtcaagctgcaggttgcagctggtatggctaacccgagtccgccagtaggtccggctctgggtcagcagggcgtaaacatcatggaattctgcaaagcgttcaacgcaaaaactgattccatcgaaaaaggtctgccgattccggtagtaatcaccgtttacgctgaccgttctttcactttcgttaccaagaccccgccggcagcagttctgctgaaaaaagcggctggtatcaagtctggttccggtaagccgaacaaagacaaagtgggtaaaatttcccgcgctcagctgcaggaaatcgcgcagaccaaagctgccgacatgactggtgccgacattgaagcgatgactcgctccatcgaaggtactgcacgttccatgggcctggtagtggaggactaa;14875.2;
prerplp;c000060;protein;b3313;EG10877;rplP;411;136;MLQPKRTKFRKMHKGRNRGLAQGTDVSFGSFGLKAVGRGRLTARQIEAARRAMTRAVKRQGKIWIRVFPDKPITEKPLAVRMGKGKGNVEYWVALIQPGKVLYEMDGVPEELAREAFKLAAAKLPIKTTFVTKTVM;atgttacaaccaaagcgtacaaaattccgtaaaatgcacaaaggccgtaaccgcggtctggcgcagggtacggatgttagcttcggcagcttcggtctgaaagctgttggccgtggtcgtctgactgcccgtcagatcgaagcagcacgtcgtgctatgacccgtgcagttaagcgtcaaggtaagatctggatccgtgtgttcccggacaaaccgatcactgaaaagccgctggcagtgcgtatgggtaaaggtaaaggtaacgtggagtattgggttgccttgattcagccgggtaaagtcctgtatgaaatggacggtgttccggaagagctggcccgtgaagcattcaagctggcagcagcgaaactgccgattaaaaccacctttgtaactaagacggtgatgtaa;15281.0;
prerplc;c000061;protein;b3320;EG10866;rplC;630;209;MIGLVGKKVGMTRIFTEDGVSIPVTVIEVEANRVTQVKDLANDGYRAIQVTTGAKKANRVTKPEAGHFAKAGVEAGRGLWEFRLAEGEEFTVGQSISVELFADVKKVDVTGTSKGKGFAGTVKRWNFRTQDATHGNSLSHRVPGSIGQNQTPGKVFKGKKMAGQMGNERVTVQSLDVVRVDAERNLLLVKGAVPGATGSDLIVKPAVKA;atgattggtttagtcggtaaaaaagtgggtatgacccgtatcttcacagaagacggcgtttctatcccagtaaccgtaatcgaagttgaagcaaaccgcgttactcaggttaaagacctggctaacgatggctaccgtgctattcaggtgaccaccggtgctaaaaaagctaaccgtgtgaccaagcctgaagctggccacttcgctaaagctggcgtagaagctggccgtggtctgtgggaattccgcctggctgaaggcgaagagttcactgtaggtcagagcattagcgttgaactgtttgctgacgttaaaaaagttgacgtaactggcacctctaaaggtaaaggtttcgcaggtaccgttaagcgctggaacttccgtacccaggacgctactcacggtaactccttgtctcaccgcgttccgggttctatcggtcagaaccagactccgggcaaagtgttcaaaggcaagaaaatggcaggtcagatgggtaacgaacgtgtaaccgttcagagccttgacgtagtacgcgttgacgctgagcgcaacctgctgctggttaaaggtgctgtcccgggtgcaaccggtagcgacctgatcgttaaaccagctgtgaaggcgtaa;22243.2;
prerpmg;c000062;protein;b3636;EG10891;rpmG;168;55;MAKGIREKIKLVSSAGTGHFYTTTKNKRTKPEKLELKKFDPVVRQHVIYKEAKIK;atggctaaaggtattcgtgagaaaatcaagctggtttcttctgctggtactggtcacttctataccactacgaagaacaaacgtactaagccggaaaaactggaactgaaaaaattcgatccagttgttcgccagcacgtgatctacaaagaagcgaaaatcaaataa;6371.5;
prerpsk;c000063;protein;b3297;EG10910;rpsK;390;129;MAKAPIRARKRVRKQVSDGVAHIHASFNNTIVTITDRQGNALGWATAGGSGFRGSRKSTPFAAQVAAERCADAVKEYGIKNLEVMVKGPGPGRESTIRALNAAGFRITNITDVTPIPHNGCRPPKKRRV;atggcaaaggcaccaattcgtgcacgtaaacgtgtaagaaaacaagtctctgacggcgtggctcatatccatgcttctttcaacaacaccatcgtgactatcactgatcgtcagggtaacgcgttgggttgggcaacagccggtggttccggtttccgtggttctcgcaaatccactccgtttgcagctcaggttgcagcagagcgttgcgctgacgccgtgaaagaatacggcatcaagaatctggaagttatggttaaaggtccgggtccaggccgcgaatctactattcgtgctctgaacgccgcaggtttccgcatcactaacattactgatgtgactccgatccctcataacggttgtcgtccgccgaaaaaacgtcgcgtataa;13844.8;
prerpsr;c000064;protein;b4202;EG10917;rpsR;228;75;MARYFRRRKFCRFTAEGVQEIDYKDIATLKNYITESGKIVPSRITGTRAKYQRQLARAIKRARYLSLLPYTDRHQ;atggcacgttatttccgtcgtcgcaagttctgccgtttcaccgcggaaggcgttcaagagatcgactataaagatatcgctacgctgaaaaactacatcaccgaaagcggtaagattgtcccaagccgtatcaccggtacccgtgcaaaataccagcgtcagctggctcgcgctatcaaacgcgctcgctacctgtccctgctgccgtacactgatcgccatcagtaa;8986.3;
prerpse;c000065;protein;b3303;EG10904;rpsE;504;167;MAHIEKQAGELQEKLIAVNRVSKTVKGGRIFSFTALTVVGDGNGRVGFGYGKAREVPAAIQKAMEKARRNMINVALNNGTLQHPVKGVHTGSRVFMQPASEGTGIIAGGAMRAVLEVAGVHNVLAKAYGSTNPINVVRATIDGLENMNSPEMVAAKRGKSVEEILGK;atggctcacatcgaaaaacaagctggcgaactgcaggaaaagctgatcgcggtaaaccgcgtatctaaaaccgttaaaggtggtcgtattttctccttcacagctctgactgtagttggcgatggtaacggtcgcgttggttttggttacggtaaagcgcgtgaagttccagcagcgatccagaaagcgatggaaaaagcccgtcgcaatatgattaacgtcgcgctgaataacggcactctgcaacaccctgttaaaggtgttcacacgggttctcgcgtattcatgcagccggcttccgaaggtaccggtatcatcgccggtggtgcaatgcgcgccgttctggaagtcgctggggttcataacgttctggctaaagcctatggttccaccaacccgatcaacgtggttcgtgcaactattgatggcctggaaaatatgaattctccagaaatggtcgctgccaagcgtggtaaatccgttgaagaaattctggggaaataa;17603.2;
prerpsf;c000066;protein;b4200;EG10905;rpsF;396;131;MRHYEIVFMVHPDQSEQVPGMIERYTAAITGAEGKIHRLEDWGRRQLAYPINKLHKAHYVLMNVEAPQEVIDELETTFRFNDAVIRSMVMRTKHAVTEASPMVKAKDERRERRDDFANETADDAEAGDSEE;atgcgtcattacgaaatcgtttttatggtccatcctgaccagagcgaacaggttccgggcatgatcgagcgctacactgctgccatcactggtgcagaaggcaagatccaccgtctggaagactggggccgccgtcagctggcttacccgatcaacaaactgcacaaagcacactacgttctgatgaatgttgaagctccgcaggaagtgatcgatgagctggaaactaccttccgcttcaacgatgccgttatccgcagcatggttatgcgtaccaagcacgctgttaccgaagcatctccgatggttaaagcgaaagacgagcgccgtgagcgtcgcgatgatttcgcaaacgaaaccgctgatgatgctgaagctggggattctgaagagtaa;15186.9;
prma;c000067;protein;b3259;EG11497;prmA;882;293;MPWIQLKLNTTGANAEDLSDALMEAGAVSITFQDTHDTPVFEPLPGETRLWGDTDVIGLFDAETDMNDVVAILENHPLLGAGFAHKIEQLEDKDWEREWMDNFHPMRFGERLWICPSWRDVPDENAVNVMLDPGLAFGTGTHPTTSLCLQWLDSLDLTGKTVIDFGCGSGILAIAALKLGAAKAIGIDIDPQAIQASRDNAERNGVSDRLELYLPKDQPEEMKADVVVANILAGPLRELAPLISVLPVSGGLLGLSGILASQAESVCEAYADSFALDPVVEKEEWCRITGRKN;atgccttggatccaactgaaactgaacaccaccggcgcgaacgcggaagatcttagcgatgcgctgatggaagcgggtgccgtttctatcacttttcaggatacccacgatacgccagtatttgaaccgctgccgggcgaaacgcgcctgtggggcgacaccgatgtgattggtctgttcgacgctgaaaccgatatgaacgacgtggtggcgattctggaaaaccatccgctgctcggcgcaggcttcgcgcataaaatcgaacaactagaagataaagactgggagcgcgaatggatggataatttccacccgatgcgctttggtgaacgactgtggatctgccctagctggcgtgatgtgccggacgaaaacgccgtcaacgtgatgttagatccagggctggcgtttggtacgggtacccatccaaccacctctctgtgcctgcaatggctcgacagcctcgatttaaccggtaaaacagtcatcgactttggctgtggttccggcattctggcgatcgcggcgctgaaactgggtgcagcaaaagccattggtattgatatcgatccgcaggcgattcaggccagccgcgataacgccgaacgtaatggcgtttctgaccgtctggaactctacttaccgaaagatcagccagaagaaatgaaagccgacgtggtggtcgctaacatccttgcaggcccattacgtgaactggcaccgttaatcagcgtcctgccggtttcaggcggtttgctgggcctttccggtattctggcaagccaggcagagagcgtttgtgaagcttatgccgatagcttcgcactggacccggtcgtggaaaaagaagagtggtgccgtattaccggtcgtaagaattaa;31876.7;
prmb;c000068;protein;b2330;EG12449;prmB;933;310;MDKIFVDEAVNELQTIQDMLRWSVSRFSAANIWYGHGTDNPWDEAVQLVLPSLYLPLDIPEDMRTARLTSSEKHRIVERVIRRVNERIPVAYLTNKAWFCGHEFYVDERVLVPRSPIGELINNKFAGLISKQPQHILDMCTGSGCIAIACAYAFPDAEVDAVDISPDALAVAEQNIEEHGLIHNVIPIRSDLFRDLPKVQYDLIVTNPPYVDAEDMSDLPNEYRHEPELGLASGTDGLKLTRRILGNAADYLADDGVLICEVGNSMVHLMEQYPDVPFTWLEFDNGGDGVFMLTKEQLIAAREHFAIYKD;gtggataaaattttcgttgatgaagcagtaaatgagctgcaaaccattcaggacatgttgcgctggtcggtgagccgcttcagcgcggcaaatatctggtacggtcacggtaccgataacccgtgggatgaagccgtacagctggtgttgccttcgctctacctgccgctggatattccggaagatatgcgcaccgcgcgtctgacctccagcgaaaaacaccgtattgttgaacgcgtgatccgccgcgtcaatgaacgcattccggtggcttacctgaccaacaaagcgtggttctgcggccatgaattttacgtcgatgaacgcgtgctggtgccgcgctcgccgattggtgaactgatcaacaataaatttgccggacttatcagcaagcaaccgcagcatattttagatatgtgtactggtagcggctgcatcgccattgcctgtgcttatgccttcccggatgcagaagtcgacgcggtggatatctctccagacgcgctggcggttgctgaacagaacatcgaagaacacggtctgatccacaacgtcattccgattcgttccgatctgttccgcgacttgccgaaagtgcagtacgacctgattgtcactaacccgccgtatgtcgatgcggaagatatgtccgacctgccaaacgaataccgccacgagccggaactgggcctggcatctggcactgacggcctgaaactgacgcgtcgcattctcggtaacgcggcagattaccttgctgatgatggcgtgttgatttgtgaagtcggcaacagcatggtacatcttatggaacaatatccggatgttccgttcacctggctggagtttgataacggcggcgatggtgtgtttatgctcaccaaagagcagcttattgccgcacgagaacatttcgcgatttataaagattaa;35001.3;
py;c000069;protein;b2597;EG11151;raiA;342;113;MTMNITSKQMEITPAIRQHVADRLAKLEKWQTHLINPHIILSKEPQGFVADATINTPNGVLVASGKHEDMYTAINELINKLERQLNKLQHKGEARRAATSVKDANFVEEVEEE;atgacaatgaacattaccagcaaacaaatggaaattactccggccatccgccaacatgtcgcagaccgtctcgccaaactggaaaaatggcaaacacatctgattaatccacatatcattctgtccaaagagccacaagggtttgttgctgacgccacaatcaatacacctaacggcgttctggttgccagtggtaaacatgaagatatgtacaccgcaattaacgaattgatcaacaagctggaacggcagctcaataaactgcagcacaaaggcgaagcacgtcgtgccgcaacatcggtgaaagacgccaacttcgtcgaagaagttgaagaagagtag;12784.4;
rbfa;c000070;protein;b3167;EG11178;rbfA;402;133;MAKEFGRPQRVAQEMQKEIALILQREIKDPRLGMMTTVSGVEMSRDLAYAKVYVTFLNDKDEDAVKAGIKALQEASGFIRSLLGKAMRLRIVPELTFFYDNSLVEGMRMSNLVTSVVKHDEERRVNPDDSKED;atggcgaaagaatttggtcgcccgcagcgcgtagcgcaggaaatgcaaaaagagatcgctctcatcctgcagcgtgaaattaaagatcctcgcctgggcatgatgaccaccgtttccggtgtcgaaatgtctcgcgacctggcgtatgccaaagtatatgtgacgttcctcaacgacaaagatgaagacgcggttaaagcgggcatcaaagcgttgcaagaagcttctggtttcatccgcagcctgctggggaaagcgatgcgcctgcgtatcgtgccggaactgaccttcttctacgacaactctctggttgaagggatgcgcatgtcaaacctggtgaccagcgtggtcaaacatgacgaagaacgtcgtgttaacccggacgacagcaaggaggactaa;15154.3;
rela;c000071;protein;b2784;EG10835;relA;2235;744;MVAVRSAHINKAGEFDPEKWIASLGITSQKSCECLAETWAYCLQQTQGHPDASLLLWRGVEMVEILSTLSMDIDTLRAALLFPLADANVVSEDVLRESVGKSVVNLIHGVRDMAAIRQLKATHTDSVSSEQVDNVRRMLLAMVDDFRCVVIKLAERIAHLREVKDAPEDERVLAAKECTNIYAPLANRLGIGQLKWELEDYCFRYLHPTEYKRIAKLLHERRLDREHYIEEFVGHLRAEMKAEGVKAEVYGRPKHIYSIWRKMQKKNLAFDELFDVRAVRIVAERLQDCYAALGIVHTHYRHLPDEFDDYVANPKPNGYQSIHTVVLGPGGKTVEIQIRTKQMHEDAELGVAAHWKYKEGAAAGGARSGHEDRIAWLRKLIAWQEEMADSGEMLDEVRSQVFDDRVYVFTPKGDVVDLPAGSTPLDFAYHIHSDVGHRCIGAKIGGRIVPFTYQLQMGDQIEIITQKQPNPSRDWLNPNLGYVTTSRGRSKIHAWFRKQDRDKNILAGRQILDDELEHLGISLKEAEKHLLPRYNFNDVDELLAAIGGGDIRLNQMVNFLQSQFNKPSAEEQDAAALKQLQQKSYTPQNRSKDNGRVVVEGVGNLMHHIARCCQPIPGDEIVGFITQGRGISVHRADCEQLAELRSHAPERIVDAVWGESYSAGYSLVVRVVANDRSGLLRDITTILANEKVNVLGVASRSDTKQQLATIDMTIEIYNLQVLGRVLGKLNQVPDVIDARRLHGS;atggttgcggtaagaagtgcacatatcaataaggctggtgaatttgatccggaaaaatggatcgcaagtctgggtattaccagccagaagtcgtgtgagtgcttagccgaaacctgggcgtattgtctgcaacagacgcaggggcatccggatgccagtctgttattgtggcgtggtgttgagatggtggagatcctctcgacattaagtatggacattgacacgctgcgggcggcgctgcttttccctctggcggatgccaacgtagtcagcgaagatgtgctgcgtgagagcgtcggtaagtcggtcgttaaccttattcacggcgtgcgtgatatggcggcgatccgccagctgaaagcgacgcacactgattctgtttcctccgaacaggtcgataacgttcgccggatgttattggcgatggtcgatgattttcgctgcgtagtcatcaaactggcggagcgtattgctcatctgcgcgaagtaaaagatgcgccggaagatgaacgtgtactggcggcaaaagagtgtaccaacatctacgcaccgctggctaaccgtctcggaatcggacaactgaaatgggaactggaagattactgcttccgttacctccatccaaccgaatacaaacgaattgccaaactgctgcatgaacggcgtctcgaccgcgaacactacatcgaagagttcgttggtcatctgcgcgctgagatgaaagctgaaggcgttaaagcggaagtgtatggtcgtccgaaacacatctacagcatctggcgtaaaatgcagaaaaagaacctcgcctttgatgagctgtttgatgtgcgtgcggtacgtattgtcgccgagcgtttacaggattgctatgccgcactggggatagtgcacactcactatcgccacctgccggatgagtttgacgattacgtcgctaacccgaaaccaaacggttatcagtctattcataccgtggttctggggccgggtggaaaaaccgttgagatccaaatccgcaccaaacagatgcatgaagatgcagagttgggtgttgctgcgcactggaaatataaagagggcgcggctgctggcggcgcacgttcgggacatgaagaccggattgcctggctgcgtaaactgattgcgtggcaggaagagatggctgattccggcgaaatgctcgacgaagtacgtagtcaggtctttgacgaccgggtgtacgtctttacgccgaaaggtgatgtcgttgatttgcctgcgggatcaacgccgctggacttcgcttaccacatccacagtgatgtcggacaccgctgcatcggggcaaaaattggcgggcgcattgtgccgttcacctaccagctgcagatgggcgaccagattgaaattatcacccagaaacagccgaaccccagccgtgactggttaaacccaaacctcggttacgtcacaaccagccgtgggcgttcgaaaattcacgcctggttccgtaaacaggaccgtgacaaaaacattctggctgggcggcaaatccttgacgacgagctggaacatctggggatcagcctgaaagaagcagaaaaacatctgctgccgcgttacaacttcaatgatgtcgacgagttgctggcggcgattggtggcggggatatccgtctcaatcagatggtgaacttcctgcaatcgcaatttaataagccgagtgccgaagagcaggacgccgccgcgctgaagcaacttcagcaaaaaagctacacgccgcaaaaccgcagtaaagataacggtcgcgtggtagtcgaaggtgttggcaacctgatgcaccacatcgcgcgctgctgccagccgattcctggagatgagattgtcggcttcattacccaggggcgcggtatttcagtacaccgcgccgattgcgaacaactggcggaactgcgctcccatgcgccagaacgcattgttgacgcggtatggggtgagagctactccgccggatattcgctggtggtccgcgtggtagctaatgatcgtagtgggttgttacgtgatatcacgaccattctcgccaacgagaaggtgaacgtgcttggcgttgccagccgtagcgacaccaaacagcaactggcgaccatcgacatgaccattgagatttacaacctgcaagtgctggggcgcgtgctgggtaaactcaaccaggtgccggatgttatcgacgcgcgtcggttgcacgggagttag;83874.6;
rf1;c000072;protein;b1211;EG10761 ;prfA;1083;360;MKPSIVAKLEALHERHEEVQALLGDAQTIADQERFRALSREYAQLSDVSRCFTDWQQVQEDIETAQMMLDDPEMREMAQDELREAKEKSEQLEQQLQVLLLPKDPDDERNAFLEVRAGTGGDEAALFAGDLFRMYSRYAEARRWRVEIMSASEGEHGGYKEIIAKISGDGVYGRLKFESGGHRVQRVPATESQGRIHTSACTVAVMPELPDAELPDINPADLRIDTFRSSGAGGQHVNTTDSAIRITHLPTGIVVECQDERSQHKNKAKALSVLGARIHAAEMAKRQQAEASTRRNLLGSGDRSDRNRTYNFPQGRVTDHRINLTLYRLDEVMEGKLDMLIEPIIQEHQADQLAALSEQE;atgaagccttctatcgttgccaaactggaagccctgcatgaacgccatgaagaagttcaggcgttgctgggtgacgcgcaaactatcgccgaccaggaacgttttcgcgcattatcacgcgaatatgcgcagttaagtgatgtttcgcgctgttttaccgactggcaacaggttcaggaagatatcgaaaccgcacagatgatgctcgatgatcctgaaatgcgtgagatggcgcaggatgaactgcgcgaagctaaagaaaaaagcgagcaactggaacagcaattacaggttctgttactgccaaaagatcctgatgacgaacgtaacgccttcctcgaagtccgagccggaaccggcggcgacgaagcggcgctgttcgcgggcgatctgttccgtatgtacagccgttatgccgaagcccgccgctggcgggtagaaatcatgagcgccagcgagggtgaacatggtggttataaagagatcatcgccaaaattagcggtgatggtgtgtatggtcgtctgaaatttgaatccggcggtcatcgcgtgcaacgtgttcctgctacggaatcgcagggtcgtattcatacttctgcttgtaccgttgcggtaatgccagaactgcctgacgcagaactgccggacatcaacccagcagatttacgcattgatactttccgctcgtcaggggcgggtggtcagcacgttaacaccaccgattcggcaattcgtattactcacttgccgaccgggattgttgttgaatgtcaggacgaacgttcacaacataaaaacaaagctaaagcactttctgttctcggtgctcgcatccacgctgctgaaatggcaaaacgccaacaggccgaagcgtctacccgtcgtaacctgctggggagtggcgatcgcagcgaccgtaaccgtacttacaacttcccgcaggggcgcgttaccgatcaccgcatcaacctgacgctctaccgcctggatgaagtgatggaaggtaagctggatatgctgattgaaccgattatccaggaacatcaggccgaccaactggcggcgttgtccgagcaggaataa;40516.8;
rf2;c000073;protein;b2891;EG10762;prfB;1098;365;MFEINPVNNRIQDLTERSDVLRGYLDYDAKKERLEEVNAELEQPDVWNEPERAQALGKERSSLEAVVDTLDQMKQGLEDVSGLLELAVEADDEETFNEAVAELDALEEKLAQLEFRRMFSGEYDSADCYLDIQAGSGGTEAQDWASMLERMYLRWAESRGFKTEIIEESEGEVAGIKSVTIKISGDYAYGWLRTETGVHRLVRKSPFDSGGRRHTSFSSAFVYPEVDDDIDIEINPADLRIDVYRTSGAGGQHVNRTESAVRITHIPTGIVTQCQNDRSQHKNKDQAMKQMKAKLYELEMQKKNAEKQAMEDNKSDIGWGSQIRSYVLDDSRIKDLRTGVETRNTQAVLDGSLDQFIEASLKAGL;atgtttgaaattaatccggtaaataatcgcattcaggacctcacggaacgctccgacgttcttagggggtatcttgactacgacgccaagaaagagcgtctggaagaagtaaacgccgagctggaacagccggatgtctggaacgaacccgaacgcgcacaggcgctgggtaaagagcgttcctccctcgaagccgttgtcgacaccctcgaccaaatgaaacaggggctggaagatgtttctggtctgctggaactggctgtagaagctgacgacgaagaaacctttaacgaagccgttgctgaactcgacgccctggaagaaaaactggcgcagcttgagttccgccgtatgttctctggcgaatatgacagcgccgactgctacctcgatattcaggcggggtctggcggtacggaagcacaggactgggcgagcatgcttgagcgtatgtatctgcgctgggcagaatcgcgtggtttcaaaactgaaatcatcgaagagtcggaaggtgaagtggcgggtattaaatccgtgacgatcaaaatctccggcgattacgcttacggctggctgcgtacagaaaccggcgttcaccgcctggtgcgtaaaagcccgtttgactccggcggtcgtcgccacacgtcgttcagctccgcgtttgtttatccggaagttgatgatgatattgatatcgaaatcaacccggcggatctgcgcattgacgtttatcgcacgtccggcgcgggcggtcagcacgttaaccgtaccgaatctgcggtgcgtattacccacatcccgaccgggatcgtgacccagtgccagaacgaccgttcccagcacaagaacaaagatcaggccatgaagcagatgaaagcgaagctttatgaactggagatgcagaagaaaaatgccgagaaacaggcgatggaagataacaaatccgacatcggctggggcagccagattcgttcttatgtccttgatgactcccgcattaaagatctgcgcaccggggtagaaacccgcaacacgcaggccgtgctggacggcagcctggatcaatttatcgaagcaagtttgaaagcagggttatga;41250.2;
rf3;c000074;protein;b4375;EG12114;prfC;1590;529;MTLSPYLQEVAKRRTFAIISHPDAGKTTITEKVLLFGQAIQTAGTVKGRGSNQHAKSDWMEMEKQRGISITTSVMQFPYHDCLVNLLDTPGHEDFSEDTYRTLTAVDCCLMVIDAAKGVEDRTRKLMEVTRLRDTPILTFMNKLDRDIRDPMELLDEVENELKIGCAPITWPIGCGKLFKGVYHLYKDETYLYQSGKGHTIQEVRIVKGLNNPDLDAAVGEDLAQQLRDELELVKGASNEFDKELFLAGEITPVFFGTALGNFGVDHMLDGLVEWAPAPMPRQTDTRTVEASEDKFTGFVFKIQANMDPKHRDRVAFMRVVSGKYEKGMKLRQVRTAKDVVISDALTFMAGDRSHVEEAYPGDILGLHNHGTIQIGDTFTQGEMMKFTGIPNFAPELFRRIRLKDPLKQKQLLKGLVQLSEEGAVQVFRPISNNDLIVGAVGVLQFDVVVARLKSEYNVEAVYESVNVATARWVECADAKKFEEFKRKNESQLALDGGDNLAYIATSMVNLRLAQERYPDVQFHQTREH;atgacgttgtctccttatttgcaagaggtggcgaagcgccgcacttttgccattatttctcacccggacgccggtaagactaccatcaccgagaaggtgctgctgttcggacaggccattcagaccgccggtacagtaaaaggccgtggttccaaccagcacgctaagtcggactggatggagatggaaaagcagcgtgggatctccattactacgtctgtgatgcagtttccgtatcacgattgcctggttaacctgctcgacaccccggggcacgaagacttctcggaagatacctatcgtaccctgacggcggtggactgctgcctgatggttatcgacgccgcaaaaggtgttgaagatcgtacccgtaagctgatggaagttacccgtctgcgcgacacgccgatcctcacctttatgaacaaacttgaccgtgatatccgcgacccgatggagctgctcgatgaagttgagaacgagctgaaaatcggctgtgcgccgatcacctggccgattggctgcggcaagctgtttaaaggcgtttaccacctttataaagacgaaacctatctctatcagagcggtaaaggccacaccattcaggaagtccgcattgttaaagggctgaataacccggatctcgatgctgcggttggtgaagatctggcacagcagctgcgtgacgaactggaactggtgaaaggcgcgtctaacgagttcgacaaagagctgttccttgcgggcgaaatcactccggtattcttcggtactgcgctgggtaacttcggcgtcgatcatatgttggatggcctggtggagtgggcacctgcgccgatgccgcgtcagactgatacccgtaccgtagaagcgagcgaagataaatttaccggcttcgtatttaaaattcaggccaacatggacccgaaacaccgcgaccgcgtggcgtttatgcgtgtggtgtccggtaaatatgaaaaaggcatgaaactgcgccaggtgcgcactgcgaaagatgtggtgatctccgacgcgctgacctttatggcgggtgaccgttcgcacgttgaagaagcgtatccgggcgatatcctcggcctgcacaaccacggcaccattcagatcggcgacacctttacccagggtgagatgatgaagttcaccggtattccgaacttcgcaccagaactgttccgtcgtatccgcctgaaagatccgctgaagcaaaaacagctgctcaaagggctggtacagctttccgaagagggcgcggtgcaggtgttccgtccaatctccaacaacgatctgatcgttggtgcagttggtgtgctgcagtttgatgtggtggtagcgcgcctgaagagcgaatacaacgttgaagcagtgtatgagtcagtcaacgttgccactgcccgctgggtagaatgtgcagacgcgaagaaattcgaagagttcaagcgtaagaacgaaagccaactggcgcttgatggcggcgataacctcgcttacatcgctaccagcatggtcaacctgcgcctggcacaggaacgttatccggacgttcagttccaccagacccgcgagcattaa;59573.4;
rimi;c000075;protein;b1427;EG10850;rimL;540;179;MTETIKVSESLELHAVAENHVKPLYQLICKNKTWLQQSLNWPQFVQSEEDTRKTVQGNVMLHQRGYAKMFMIFKEDELIGVISFNRIEPLNKTAEIGYWLDESHQGQGIISQALQALIHHYAQSGELRRFVIKCRVDNPQSNQVALRNGFILEGCLKQAEFLNDAYDDVNLYARIIDSQ;atgactgaaacgataaaagtaagcgaatcacttgaattacatgctgttgcagaaaatcacgtcaaacctctttatcagttaatctgtaaaaataaaacctggttacagcagtcgctaaactggccgcagtttgttcaaagtgaagaggacacgcgaaaaacggtgcagggtaatgtgatgttgcatcaacgcggctatgccaaaatgttcatgattttcaaagaagatgaacttatcggcgttatctcgtttaatcgtattgaaccactgaataaaaccgctgaaataggctactggctggacgaatctcatcaggggcaggggatcatttctcaggcgctgcaggcattgattcatcattacgcccagtctggtgaacttagacgcttcgtgatcaaatgtcgggtggacaatccgcaaagcaaccaggtcgctttgcgcaatggttttatccttgaaggttgcctgaaacaggctgagttcctgaatgatgcctatgatgatgtgaacttatacgcgcgtattatcgattcacaataa;20680.3;
rimj;c000076;protein;b1066;EG10851;rimJ;585;194;MFGYRSNVPKVRLTTDRLVVRLVHDRDAWRLADYYAENRHFLKPWEPVRDESHCYPSGWQARLGMINEFHKQGSAFYFGLFDPDEKEIIGVANFSNVVRGSFHACYLGYSIGQKWQGKGLMFEALTAAIRYMQRTQHIHRIMANYMPHNKRSGDLLARLGFEKEGYAKDYLLIDGQWRDHVLTALTTPDWTPGR;atgtttggctatcgcagtaacgtgccaaaagtgcgcttaaccacagaccgactggtcgtgcgtctggtgcatgatcgtgatgcctggcgtcttgcggattattacgcagagaatcgccatttcctcaagccctgggagccagtgcgcgacgaaagccactgttatccatcaggctggcaggccaggctggggatgattaacgaatttcataaacaaggttcagctttctactttggcttattcgacccggacgaaaaagagattattggcgttgccaatttttccaatgttgttcgtggctcttttcatgcctgctatctcggttattcgattgggcaaaaatggcagggcaaaggactcatgtttgaagccctgaccgcagccattcgttatatgcagcgcacccaacatattcatcgcattatggctaattatatgccgcacaataaacgcagcggtgatttactggcgcgactgggttttgaaaaagaaggctatgcgaaagactatctgttgattgatggacaatggcgcgatcacgtactgacggcattaactaccccagactggacgcccggccgctaa;22687.6;
rimk;c000077;protein;b0852;EG10852;rimK;903;300;MKIAILSRDGTLYSCKRLREAAIQRGHLVEILDPLSCYMNINPAASSIHYKGRKLPHFDAVIPRIGTAITFYGTAALRQFEMLGSYPLNESVAIARARDKLRSMQLLARQGIDLPVTGIAHSPDDTSDLIDMVGGAPLVVKLVEGTQGIGVVLAETRQAAESVIDAFRGLNAHILVQEYIKEAQGCDIRCLVVGDEVVAAIERRAKEGDFRSNLHRGGAASVASITPQEREIAIKAARTMALDVAGVDILRANRGPLVMEVNASPGLEGIEKTTGIDIAGKMIRWIERHATTEYCLKTGG;gtgaaaattgccatattgtcccgggatggaacgctctattcgtgtaagcggctgcgtgaagccgctatacagcgcggtcacctggttgaaattcttgatccgctttcttgctacatgaacataaatcctgcggcgtcttctattcactacaaaggccgcaagttaccccattttgacgcagtgatcccgcgtattggcaccgccattaccttttatgggacggcggcactgcgccagttcgagatgctggggagctatccgctcaatgagtcggtcgccattgcccgggcgcgtgacaaattgcgttccatgcaactgctggcgcgtcagggcatcgacctgcctgtcacgggcattgcgcattcgccggatgataccagcgatttaatcgacatggtcggtggtgcgccgctggtggtcaagttggttgaaggcacgcagggaattggcgtcgtgctggcggagacgcgtcaggcggcggaaagcgtgattgacgctttccgcggtctgaacgcgcatattctggtgcaggaatatatcaaagaggcgcaagggtgcgatatccgctgtctggttgttggcgatgaagtggtcgctgcgattgaacggcgggcgaaagagggcgattttcgttccaatttgcatcgtggcggcgcggcaagcgtcgccagtatcacaccacaggagcgtgaaatcgcgataaaagccgcgcgaacgatggcgctggacgttgctggtgtggatattctgcgtgctaatcgcgggccgttggtgatggaggtgaatgcgtcgccggggctggaaggaatagaaaaaaccaccggtatcgacatcgcgggtaaaatgatccgctggatcgaacgccacgctacgacagaatattgcctgaaaacgggtggttag;32436.1;
riml;c000078;protein;b1427;EG10853;rimL;540;179;MTETIKVSESLELHAVAENHVKPLYQLICKNKTWLQQSLNWPQFVQSEEDTRKTVQGNVMLHQRGYAKMFMIFKEDELIGVISFNRIEPLNKTAEIGYWLDESHQGQGIISQALQALIHHYAQSGELRRFVIKCRVDNPQSNQVALRNGFILEGCLKQAEFLNDAYDDVNLYARIIDSQ;atgactgaaacgataaaagtaagcgaatcacttgaattacatgctgttgcagaaaatcacgtcaaacctctttatcagttaatctgtaaaaataaaacctggttacagcagtcgctaaactggccgcagtttgttcaaagtgaagaggacacgcgaaaaacggtgcagggtaatgtgatgttgcatcaacgcggctatgccaaaatgttcatgattttcaaagaagatgaacttatcggcgttatctcgtttaatcgtattgaaccactgaataaaaccgctgaaataggctactggctggacgaatctcatcaggggcaggggatcatttctcaggcgctgcaggcattgattcatcattacgcccagtctggtgaacttagacgcttcgtgatcaaatgtcgggtggacaatccgcaaagcaaccaggtcgctttgcgcaatggttttatccttgaaggttgcctgaaacaggctgagttcctgaatgatgcctatgatgatgtgaacttatacgcgcgtattatcgattcacaataa;20680.3;
rimm;c000079;protein;b2608;EG11153 ;rimM;549;182;MSKQLTAQAPVDPIVLGKMGSSYGIRGWLRVFSSTEDAESIFDYQPWFIQKAGQWQQVQLESWKHHNQDMIIKLKGVDDRDAANLLTNCEIVVDSSQLPQLEEGDYYWKDLMGCQVVTTEGYDLGKVVDMMETGSNDVLVIKANLKDAFGIKERLVPFLDGQVIKKVDLTTRSIEVDWDPGF;atgagcaaacaactcaccgcgcaagcacctgttgatcccatcgttttgggaaaaatgggttcgtcttacggtattcgtgggtggctcagagtgttttcttccaccgaagacgccgaaagcatttttgactatcagccctggtttatccagaaggcgggtcagtggcagcaagtccagctggaaagctggaagcaccacaatcaggacatgatcatcaagctgaaaggcgttgacgatcgtgatgcggcgaacctgctgacgaattgtgaaattgtcgtggattcatcgcagctgcctcagcttgaagagggggactactactggaaagacctgatgggctgccaggtagtaaccactgaaggctacgatctcggtaaagtcgtcgatatgatggaaaccggatctaatgacgttctcgtcattaaggcaaacctgaaagatgcgtttggtatcaaggaacgtctcgtaccgttcctcgatgggcaggttatcaagaaagtcgatctcactactcgttcaatcgaagtagattgggatcctggtttttaa;20605.2;
rlmb;c000080;protein;b4180;G7845;rlmB;732;243;MSEMIYGIHAVQALLERAPERFQEVFILKGREDKRLLPLIHALESQGVVIQLANRQYLDEKSDGAVHQGIIARVKPGRQYQENDLPDLIASLDQPFLLILDGVTDPHNLGACLRSADAAGVHAVIVPKDRSAQLNATAKKVACGAAESVPLIRVTNLARTMRMLQEENIWIVGTAGEADHTLYQSKMTGRLALVMGAEGEGMRRLTREHCDELISIPMAGSVSSLNVSVATGICLFEAVRQRS;atgagcgaaatgatttacggcatccacgcagtgcaggccctgctggagcgcgcccctgaacgttttcaggaagtctttattttaaaaggccgtgaagataaacgtctgttaccgctgattcacgcccttgagtctcagggcgtggttatccagttggcaaaccgccaatatctcgacgagaaaagcgacggtgccgtgcatcagggcattatcgcccgcgtgaagccaggacgtcagtatcaggaaaacgatctgccggatctgatcgcttcgctcgatcaaccgttcctgctgatcctcgacggcgtaaccgatccgcacaacctcggcgcgtgcctgcgtagtgcggacgccgcaggcgttcatgcggtgattgtgccgaaagatcgctccgcacagctcaacgctacggcgaaaaaagtagcctgcggcgcggcagaaagcgttccgctgattcgggtgactaaccttgcgcgcaccatgcgtatgttgcaggaagagaatatctggatcgtcggtacggcaggcgaggcggatcatacactctatcagagcaaaatgaccggacgcctggcgctggtgatgggtgcggaaggtgaaggtatgcgtcgcctgactcgtgaacattgcgatgagttgatcagcatcccgatggctggaagcgtttcttccctgaacgtttcggttgcgaccggaatttgcttatttgaagcggtgcgccagcgcagctaa;26556.3;
rlmd;c000081;protein;b2785;EG11247;rlmD;1302;433;MAQFYSAKRRTTTRQIITVSVNDLDSFGQGVARHNGKTLFIPGLLPQENAEVTVTEDKKQYARAKVVRRLSDSPERETPRCPHFGVCGGCQQQHASVDLQQRSKSAALARLMKHDVSEVIADVPWGYRRRARLSLNYLPKTQQLQMGFRKAGSSDIVDVKQCPILAPQLEALLPKVRACLGSLQAMRHLGHVELVQATSGTLMILRHTAPLSSADREKLERFSHSEGLDLYLAPDSEILETVSGEMPWYDSNGLRLTFSPRDFIQVNAGVNQKMVARALEWLDVQPEDRVLDLFCGMGNFTLPLATQAASVVGVEGVPALVEKGQQNARLNGLQNVTFYHENLEEDVTKQPWAKNGFDKVLLDPARAGAAGVMQQIIKLEPIRIVYVSCNPATLARDSEALLKAGYTIARLAMLDMFPHTGHLESMVLFSRVK;atggcgcaattctactctgcaaaacgacgcacgacgacgcgtcagatcataaccgtttcagtcaacgacctcgactcttttggtcagggcgtggcgcgacataacggcaaaacgctatttatccccggattattgccgcaggaaaacgcggaagttactgttactgaagataaaaaacagtatgcccgcgctaaagtcgtacgccggttaagcgatagcccggaacgcgaaacgccacgctgtcctcattttggcgtatgcggtggctgtcagcaacaacacgccagcgtggatttacagcagcgaagcaaaagtgcggcactcgcccgattaatgaaacacgatgtctctgaagtgatcgccgatgttccctggggctatcgccgtcgcgcgcgtttaagtctgaactacttaccgaaaacacagcaacttcagatggggtttcgcaaagcgggctccagtgacattgtcgacgtcaaacaatgccccattttagcgccccaacttgaagcattgctgcccaaagtcagggcatgtctgggcagcttacaagctatgcgccatcttggtcatgttgaactggtacaggcaaccagcggcacgctgatgattttgcgccataccgcaccgctaagttcggcagatcgcgaaaaactggaacgcttttcgcattctgaaggcctggatctgtatctcgcccccgatagtgagatactcgaaaccgtctctggtgagatgccctggtatgactcaaacgggttgcgcttaacttttagcccgcgcgattttattcaggtcaatgcgggtgtgaaccaaaaaatggtagcgcgtgcgttggaatggctggatgtgcaacctgaagatcgcgtactggatctgttctgcggtatgggcaactttacactgccattggcgacacaagctgccagtgtggtcggtgtagaaggtgttccggcgctggtggaaaaaggccagcagaatgcgcgtcttaatggcttacagaatgtgacgttttatcacgaaaatcttgaagaagatgtcacaaagcagccgtgggcgaaaaacggcttcgataaagtgttgctggacccggcgcgagcaggtgccgcaggtgttatgcagcaaattataaaactggaacctattcgtatagtttatgtatcctgtaaccctgcaacgctggctcgggatagcgaagcgttattaaaagcaggatataccattgcgcgactggcgatgctggatatgttcccacacacgggacatctggaatcgatggtacttttctcgcgcgttaaatag;48051.7;
rlml;c000082;protein;b0948;G6488;rlmL;2109;702;MNSLFASTARGLEELLKTELENLGAVECQVVQGGVHFKGDTRLVYQSLMWSRLASRIMLPLGECKVYSDLDLYLGVQAINWTEMFNPGATFAVHFSGLNDTIRNSQYGAMKVKDAIVDAFTRKNLPRPNVDRDAPDIRVNVWLHKETASIALDLSGDGLHLRGYRDRAGIAPIKETLAAAIVMRSGWQPGTPLLDPMCGSGTLLIEAAMLATDRAPGLHRGRWGFSGWAQHDEAIWQEVKAEAQTRARKGLAEYSSHFYGSDSDARVIQRARTNARLAGIGELITFEVKDVAQLTNPLPKGPYGTVLSNPPYGERLDSEPALIALHSLLGRIMKNQFGGWNLSLFSASPDLLSCLQLRADKQYKAKNGPLDCVQKNYHVAESTPDSKPAMVAEDYTNRLRKNLKKFEKWARQEGIECYRLYDADLPEYNVAVDRYADWVVVQEYAPPKTIDAHKARQRLFDIIAATISVLGIAPNKLVLKTRERQKGKNQYQKLGEKGEFLEVTEYNAHLWVNLTDYLDTGLFLDHRIARRMLGQMSKGKDFLNLFSYTGSATVHAGLGGARSTTTVDMSRTYLEWAERNLRLNGLTGRAHRLIQADCLAWLREANEQFDLIFIDPPTFSNSKRMEDAFDVQRDHLALMKDLKRLLRAGGTIMFSNNKRGFRMDLDGLAKLGLKAQEITQKTLSQDFARNRQIHNCWLITAA;atgaattctctgtttgccagtacggcccgtgggctggaagagctgttaaaaactgaactggaaaacctgggggccgttgaatgccaggtggttcagggtggggtccatttcaagggcgacacacggcttgtttaccagagcctgatgtggagccgcctggcctcgcgtattatgttgccgctgggcgagtgtaaggtttacagcgatttagacctctatctcggtgttcaggcgatcaactggacagagatgtttaatcctggcgcgaccttcgctgtccacttcagtggtttgaatgacaccatccgcaacagtcagtacggcgcgatgaaagtgaaagacgcgatcgtcgatgctttcacgcggaaaaatctgccgcgtccaaatgttgatcgcgatgcgccggatatccgcgttaacgtctggctgcataaagaaaccgccagtatcgctcttgatctgagtggtgatggtttacatctgcgtggctatcgcgatcgtgctggtattgcgccgatcaaagaaaccctggcagccgctattgtgatgcgatccggctggcagccaggaacaccgctgctcgatccgatgtgtggttccggtacgttgctgattgaagcagcgatgctggcgaccgatcgcgcaccaggcttgcaccgtgggcgttggggctttagcggctgggcgcagcatgatgaagctatctggcaggaagtgaaagcggaagcgcaaactcgcgcccgtaaaggcctggctgagtatagctctcatttttacggttcggacagcgacgcacgggtgattcaacgtgcacgcactaacgcccgtcttgcggggattggtgaactgatcacctttgaggtgaaagatgtcgcgcaactgaccaatccgctgccgaaagggccgtacggcacagtgttgagcaacccgccatacggggaacgtctggacagcgaaccggcgctgattgcgctgcatagcctgctgggtcggatcatgaaaaaccagtttggtggctggaatctctctttgtttagtgcctcgccggatctgctaagctgcttgcagctgcgtgcagacaaacagtacaaggcgaaaaacggcccgctggactgcgtacagaaaaattaccacgttgccgaaagcactccagacagcaaaccggcgatggtagcggaagactacaccaaccgcctgcgtaagaacctcaaaaaattcgagaagtgggctcgccaggaagggattgaatgttaccgcctgtatgacgccgatctgccagaatataacgttgccgttgaccgttatgccgactgggtggtggtgcaggagtatgcgccgccaaaaactattgatgctcacaaagcgcgtcagcgtctgttcgatattatcgctgcaaccatttcggtactggggattgcgccaaacaaactggtgctgaaaacccgtgaacgccagaagggcaaaaaccaataccagaaactgggcgagaagggcgagtttcttgaagttaccgaatataacgctcacttgtgggtgaacctgacggattatctcgatactggtctgttcctcgatcaccgcatcgcccgtcgtatgctcggtcagatgagcaaaggcaaagatttcctcaacctgttctcttataccggcagcgccaccgtgcatgcgggattaggcggtgcacgcagcaccaccaccgtggatatgtcgcgtacttatctggaatgggcagaacgcaacctgcgtctgaatggcctgaccgggcgtgcgcatcgcctgattcaggccgattgcctggcgtggctgcgtgaggcaaatgaacagttcgatctgatctttatcgatccgccaaccttctctaactcaaaacgaatggaagatgcgtttgatgttcagcgcgatcatctggcgctgatgaaagatttgaaacgtctgctgcgtgcaggtgggacgatcatgttctcgaacaacaaacgtggcttccgtatggatctcgacggcctggcaaaactgggactgaaagcacaagaaattacgcaaaaaacgctctcccaggatttcgcccgtaaccgccagatccacaactgctggctgattaccgcagcctga;78853.2;
rlua;c000083;protein;b0058;EG12609;rluA;660;219;MGMENYNPPQEPWLVILYQDDHIMVVNKPSGLLSVPGRLEEHKDSVMTRIQRDYPQAESVHRLDMATSGVIVVALTKAAERELKRQFREREPKKQYVARVWGHPSPAEGLVDLPLICDWPNRPKQKVCYETGKPAQTEYEVVEYAADNTARVVLKPITGRSHQLRVHMLALGHPILGDRFYASPEARAMAPRLLLHAEMLTITHPAYGNSMTFKAPADF;atggggatggaaaactacaatccaccgcaggaaccctggttggttatcctgtatcaggatgaccatattatggtggtcaacaagccgagcggtttgttgtcagtgccgggtcgtctggaagagcacaaagacagcgtgatgacgcgcattcagcgtgattatccgcaggcagaatcggtgcatcgtctggatatggctaccagcggcgtgattgtagtggcgctgaccaaagccgcggagcgggagttaaaacgccagttccgcgagcgcgagccgaaaaagcagtatgtggcccgcgtctgggggcatccatcccccgcagaaggtctggtggatctgccgctgatttgcgactggccaaaccgcccgaaacagaaagtctgttacgaaacgggtaaacctgcgcagacggaatatgaagtggtggagtatgcggcggataacacggcaagagtggtgttaaaaccgattaccgggcgttcgcatcaattgcgtgtgcatatgctggcgctgggtcatccgattctcggcgatcgtttttatgcatcaccagaagcgagagcgatggcaccacgtttgttgctacatgcagagatgttgacgattacccatccggcgtatggcaatagtatgacgtttaaagcgccagcggatttttaa;24860.4;
rluc;c000084;protein;b1086;EG11118;rluC;960;319;MKTETPSVKIVAITADEAGQRIDNFLRTQLKGVPKSMIYRILRKGEVRVNKKRIKPEYKLEAGDEVRIPPVRVAEREEEAVSPHLQKVAALADVILYEDDHILVLNKPSGTAVHGGSGLSFGVIEGLRALRPEARFLELVHRLDRDTSGVLLVAKKRSALRSLHEQLREKGMQKDYLALVRGQWQSHVKSVQAPLLKNILQSGERIVRVSQEGKPSETRFKVEERYAFATLVRCSPVTGRTHQIRVHTQYAGHPIAFDDRYGDREFDRQLTEAGTGLNRLFLHAAALKFTHPGTGEVMRIEAPMDEGLKRCLQKLRNAR;atgaaaacagagactccatccgtaaaaattgttgctatcaccgctgacgaagcggggcaacgtatcgataactttttgcgtacccaattgaaaggcgtaccaaaaagtatgatttaccgtattttgcgtaaaggcgaagtgcgggtgaacaaaaaacgtattaagcctgaatataaactcgaagcgggtgatgaggtgcgtattccaccggttcgcgttgctgagcgggaagaagaggcggtttcgccacatctgcaaaaggtggcggcgctggcggacgtcatcttatatgaagatgatcacatcctggtgctgaataaaccttccggtacggcggtacatggcggcagtggtttaagcttcggcgttattgaaggtttgcgggcgttgcgcccggaagcgcggttccttgaactggttcatcgtcttgaccgggacacctcaggtgttttgctggtagcgaaaaaacgctcggcgttgcgttctctgcatgagcaattacgtgaaaaagggatgcaaaaagattacctggcgctggtgcgcggtcagtggcagtcgcatgtgaagagcgttcaagcaccgttactgaaaaatattctgcaaagcggcgaacgtatcgtgcgtgtgagtcaggaaggcaaaccgtcggaaacacgctttaaagtggaagaacgctatgcatttgccaccctggtgcgttgtagcccggtaacagggcgtactcaccagatccgtgtgcatacacaatatgcgggtcatccgattgcctttgacgatcgctacggtgaccgtgaatttgacaggcagctcactgaagcaggcacgggattaaatcgcctgttcctgcacgctgcagcgttgaagtttactcatccggggaccggtgaggtgatgcgtatcgaagctccgatggatgaaggtttgaagcgttgtttgcaaaagctgcgtaacgcgcgctaa;36026.1;
rlud;c000085;protein;b2594;EG12098;rluD;981;326;MAQRVQLTATVSENQLGQRLDQALAEMFPDYSRSRIKEWILDQRVLVNGKVCDKPKEKVLGGEQVAINAEIEEEARFEPQDIPLDIVYEDEDIIIINKPRDLVVHPGAGNPDGTVLNALLHYYPPIADVPRAGIVHRLDKDTTGLMVVAKTVPAQTRLVESLQRREITREYEAVAIGHMTAGGTVDEPISRHPTKRTHMAVHPMGKPAVTHYRIMEHFRVHTRLRLRLETGRTHQIRVHMAHITHPLVGDPVYGGRPRPPKGASEAFISTLRKFDRQALHATMLRLYHPISGIEMEWHAPIPQDMVELIEVMRADFEEHKDEVDWL;atggcacaacgagtacagctcactgcaacggtgtccgaaaaccaactcggtcaacgcttagatcaggctttggccgaaatgttcccggattattcacgttcgcgaataaaagaatggatcctcgaccagcgagtgctggttaacggcaaagtttgtgataagccgaaagaaaaagtattgggtggcgagcaggttgccatcaacgctgagattgaagaagaagcgcgttttgaaccgcaggatatcccgctggatatcgtctatgaagatgaagacattattatcattaataaaccgcgcgacctggtggtacatcctggcgcgggtaacccggatggcacggtactgaatgcgttgcttcattactatccacccattgccgatgtaccgcgtgcgggcatcgtccatcgtctggataaagacaccactggcctgatggttgtggcaaaaaccgttccggctcagacgcgtttagtcgaatctttgcaacggcgtgaaattactcgtgagtatgaagcggtggcgattggtcatatgaccgcaggtggcacggtggacgagccaatcagtcgccacccgaccaaacgtacccatatggcggtgcatccgatgggcaaaccagcggtgactcactatcgcatcatggaacacttccgtgtgcacacgcgtctgcggttgcgtctggaaactggacgtacgcaccagatccgcgtgcatatggcccatatcactcatccgctggtgggcgatccggtttatggtggccgtccgcgtccgccaaaaggtgcttcggaagcatttatctccacgctgcgtaagtttgaccgccaggcgctacatgcaaccatgctgcgtctttatcacccgatctccggcatcgaaatggaatggcatgcgcctattccacaagatatggtggagctgattgaggtgatgcgcgccgatttcgaagaacataaggatgaagtggactggttatga;37121.2;
rmf;c000086;protein;b0953;EG50004;rmf;168;55;MKRQKRDRLERAHQRGYQAGIAGRSKEMCPYQTLNQRSQWLGGWREAMADRVVMA;atgaagagacaaaaacgagatcgcctggaacgggcacatcaacgtggttatcaggccggcatcgccggacgctcaaaagaaatgtgtccctatcagacgctgaatcaaaggtcacaatggctgggaggctggcgagaagccatggcggacagggtagtaatggcctga;6507.4;
rpla;c000087;protein;b3984;EG10864;rplA;705;234;MAKLTKRMRVIREKVDATKQYDINEAIALLKELATAKFVESVDVAVNLGIDARKSDQNVRGATVLPHGTGRSVRVAVFTQGANAEAAKAAGAELVGMEDLADQIKKGEMNFDVVIASPDAMRVVGQLGQVLGPRGLMPNPKVGTVTPNVAEAVKNAKAGQVRYRNDKNGIIHTTIGKVDFDADKLKENLEALLVALKKAKPTQAKGVYIKKVSISTTMGAGVAVDQAGLSASVN;atggctaaactgaccaagcgcatgcgtgttatccgcgagaaagttgatgcaaccaaacagtacgacatcaacgaagctatcgcactgctgaaagagctggcgactgctaaattcgtagaaagcgtggacgtagctgttaacctcggcatcgacgctcgtaaatctgaccagaacgtacgtggtgcaactgtactgccgcacggtactggccgttccgttcgcgtagccgtatttacccaaggtgcaaacgctgaagctgctaaagctgcaggcgcagaactggtaggtatggaagatctggctgaccagatcaagaaaggcgaaatgaactttgacgttgttattgcttctccggatgcaatgcgcgttgttggccagctgggccaggttctgggtccgcgcggcctgatgccaaacccgaaagtgggtactgtaacaccgaacgttgctgaagcggttaaaaacgctaaagctggccaggttcgttaccgtaacgacaaaaacggcatcatccacaccaccatcggtaaagtggactttgacgctgacaaactgaaagaaaacctggaagctctgctggttgcgctgaaaaaagcaaaaccgactcaggcgaaaggcgtgtacatcaagaaagttagcatctccaccaccatgggtgcaggtgttgcagttgaccaggctggcctgagcgcttctgtaaactaa;24729.3;
rplb;c000088;protein;b3317;EG10865;rplB;822;273;MAVVKCKPTSPGRRHVVKVVNPELHKGKPFAPLLEKNSKSGGRNNNGRITTRHIGGGHKQAYRIVDFKRNKDGIPAVVERLEYDPNRSANIALVLYKDGERRYILAPKGLKAGDQIQSGVDAAIKPGNTLPMRNIPVGSTVHNVEMKPGKGGQLARSAGTYVQIVARDGAYVTLRLRSGEMRKVEADCRATLGEVGNAEHMLRVLGKAGAARWRGVRPTVRGTAMNPVDHPHGGGEGRNFGKHPVTPWGVQTKGKKTRSNKRTDKFIVRRRSK;atggcagttgttaaatgtaaaccgacatctccgggtcgtcgccacgtagttaaagtggttaaccctgagctgcacaagggcaaaccttttgctccgttgctggaaaaaaacagcaaatccggtggtcgtaacaacaatggccgtatcaccactcgtcatatcggtggtggccacaagcaggcttaccgtattgttgacttcaaacgcaacaaagacggtatcccggcagttgttgaacgtcttgagtacgatccgaaccgttccgcgaacatcgcgctggttctgtacaaagacggtgaacgccgttacatcctggcccctaaaggcctgaaagctggcgaccagattcagtctggcgttgatgctgcaatcaaaccaggtaacaccctgccgatgcgcaacatcccggttggttctactgttcataacgtagaaatgaaaccaggtaaaggcggtcagctggcacgttccgctggtacttacgttcagatcgttgctcgtgatggtgcttatgtcaccctgcgtctgcgttctggtgaaatgcgtaaagtagaagcagactgccgtgcaactctgggcgaagttggcaatgctgagcatatgctgcgcgttctgggtaaagcaggtgctgcacgctggcgtggtgttcgtccgaccgttcgcggtaccgcgatgaacccggtagaccacccacatggtggtggtgaaggtcgtaactttggtaagcacccggtaactccgtggggcgttcagaccaaaggtaagaagacccgcagcaacaagcgtactgataaattcatcgtacgtcgccgtagcaaataa;29860.1;
rplc;c000089;protein;b3320;EG10866;rplC;630;209;MIGLVGKKVGMTRIFTEDGVSIPVTVIEVEANRVTQVKDLANDGYRAIQVTTGAKKANRVTKPEAGHFAKAGVEAGRGLWEFRLAEGEEFTVGQSISVELFADVKKVDVTGTSKGKGFAGTVKRWNFRTQDATHGNSLSHRVPGSIGQNQTPGKVFKGKKMAGQMGNERVTVQSLDVVRVDAERNLLLVKGAVPGATGSDLIVKPAVKA;atgattggtttagtcggtaaaaaagtgggtatgacccgtatcttcacagaagacggcgtttctatcccagtaaccgtaatcgaagttgaagcaaaccgcgttactcaggttaaagacctggctaacgatggctaccgtgctattcaggtgaccaccggtgctaaaaaagctaaccgtgtgaccaagcctgaagctggccacttcgctaaagctggcgtagaagctggccgtggtctgtgggaattccgcctggctgaaggcgaagagttcactgtaggtcagagcattagcgttgaactgtttgctgacgttaaaaaagttgacgtaactggcacctctaaaggtaaaggtttcgcaggtaccgttaagcgctggaacttccgtacccaggacgctactcacggtaactccttgtctcaccgcgttccgggttctatcggtcagaaccagactccgggcaaagtgttcaaaggcaagaaaatggcaggtcagatgggtaacgaacgtgtaaccgttcagagccttgacgtagtacgcgttgacgctgagcgcaacctgctgctggttaaaggtgctgtcccgggtgcaaccggtagcgacctgatcgttaaaccagctgtgaaggcgtaa;22243.2;
rpld;c000090;protein;b3319;EG10867;rplD;606;201;MELVLKDAQSALTVSETTFGRDFNEALVHQVVVAYAAGARQGTRAQKTRAEVTGSGKKPWRQKGTGRARSGSIKSPIWRSGGVTFAARPQDHSQKVNKKMYRGALKSILSELVRQDRLIVVEKFSVEAPKTKLLAQKLKDMALEDVLIITGELDENLFLAARNLHKVDVRDATGIDPVSLIAFDKVVMTADAVKQVEEMLA;atggaattagtattgaaagacgcgcagagcgcgctgactgtttccgaaactaccttcggtcgtgatttcaacgaagcgctggttcaccaggttgttgttgcttatgcagctggtgctcgtcagggtactcgtgctcagaagactcgtgctgaagtaactggttccggtaaaaaaccgtggcgccagaaaggcaccggccgtgcgcgttctggttctatcaagagcccgatctggcgttctggtggcgtgacctttgctgctcgtccgcaggaccacagtcaaaaagttaacaagaagatgtaccgcggcgcgctgaaaagcatcctgtccgaactggtacgtcaggatcgtctgatcgttgtcgagaagttctctgtagaagcgccgaaaactaagctgctggcacagaaactgaaagacatggctctggaagatgtgctgatcatcaccggtgagctggacgaaaacctgttcctggctgcgcgcaacctgcacaaggttgacgtacgcgatgcaactggtatcgacccggttagcctgatcgccttcgacaaagtcgtaatgactgctgatgctgttaagcaagttgaggagatgctggcatga;22086.3;
rple;c000091;protein;b3308;EG10868 ;rplE;540;179;MAKLHDYYKDEVVKKLMTEFNYNSVMQVPRVEKITLNMGVGEAIADKKLLDNAAADLAAISGQKPLITKARKSVAGFKIRQGYPIGCKVTLRGERMWEFFERLITIAVPRIRDFRGLSAKSFDGRGNYSMGVREQIIFPEIDYDKVDRVRGLDITITTTAKSDEEGRALLAAFDFPFRK;atggcgaaactgcatgattactacaaagacgaagtagttaaaaaactcatgactgagtttaactacaattctgtcatgcaagtccctcgggtcgagaagatcaccctgaacatgggtgttggtgaagcgatcgctgacaaaaaactgctggataacgcagcagcagacctggcagcaatctccggtcaaaaaccgctgatcaccaaagcacgcaaatctgttgcaggcttcaaaatccgtcagggctatccgatcggctgtaaagtaactctgcgtggcgaacgcatgtgggagttctttgagcgcctgatcactattgctgtacctcgtatccgtgacttccgtggcctgtccgctaagtctttcgacggtcgtggtaactacagcatgggtgtccgtgagcagatcatcttcccagaaatcgactacgataaagtcgaccgcgttcgtggtttggatattaccattaccactactgcgaaatctgacgaagaaggccgcgctctgctggctgcctttgacttcccgttccgcaagtaa;20301.3;
rplf;c000092;protein;b3305;EG10869 ;rplF;534;177;MSRVAKAPVVVPAGVDVKINGQVITIKGKNGELTRTLNDAVEVKHADNTLTFGPRDGYADGWAQAGTARALLNSMVIGVTEGFTKKLQLVGVGYRAAVKGNVINLSLGFSHPVDHQLPAGITAECPTQTEIVLKGADKQVIGQVAADLRAYRRPEPYKGKGVRYADEVVRTKEAKKK;atgtctcgtgttgctaaagcaccggtcgttgttcctgccggcgttgacgtaaaaatcaacggtcaggttattacgatcaaaggtaaaaacggcgagctgactcgtactctcaacgatgctgttgaagttaaacatgcagataataccctgaccttcggtccgcgtgatggttacgcagacggttgggcacaggctggtaccgcgcgtgccctgctgaactcaatggttatcggtgttaccgaaggcttcactaagaagctgcagctggttggtgtaggttaccgtgcagcggttaaaggcaatgtgattaacctgtctctgggtttctctcatcctgttgaccatcagctgcctgcgggtatcactgctgaatgtccgactcagactgaaatcgtgctgaaaggcgctgataagcaggtgatcggccaggttgcagcggatctgcgcgcctaccgtcgtcctgagccttataaaggcaagggtgttcgttacgccgacgaagtcgtgcgtaccaaagaggctaagaagaagtaa;18903.5;
rpli;c000093;protein;b4203;EG10870;rplI;450;149;MQVILLDKVANLGSLGDQVNVKAGYARNFLVPQGKAVPATKKNIEFFEARRAELEAKLAEVLAAANARAEKINALETVTIASKAGDEGKLFGSIGTRDIADAVTAAGVEVAKSEVRLPNGVLRTTGEHEVSFQVHSEVFAKVIVNVVAE;atgcaagttattctgcttgataaagtagcaaacctgggtagcctgggtgatcaggtaaacgttaaagcgggctatgctcgtaacttcctggtaccgcagggtaaagctgttccagctaccaagaaaaacattgaattcttcgaagctcgtcgcgctgaactggaagctaaactggctgaagttctggcagctgctaatgctcgcgctgagaaaatcaatgcactggaaactgttaccatcgcgtctaaagctggcgacgaaggtaaactgttcggttccatcggtactcgcgacatcgctgacgctgtaactgcagctggcgttgaagtggctaagagcgaagttcgtctgccgaacggcgttctgcgtaccactggcgaacacgaagtgagcttccaggttcacagcgaagtattcgcgaaagtgatcgtaaacgtagtagctgaataa;15768.9;
rplj;c000094;protein;b3985;EG10871;rplJ;498;165;MALNLQDKQAIVAEVSEVAKGALSAVVADSRGVTVDKMTELRKAGREAGVYMRVVRNTLLRRAVEGTPFECLKDAFVGPTLIAYSMEHPGAAARLFKEFAKANAKFEVKAAAFEGELIPASQIDRLATLPTYEEAIARLMATMKEASAGKLVRTLAAVRDAKEAA;atggctttaaatcttcaagacaaacaagcgattgttgctgaagtcagcgaagtagccaaaggcgcgctgtctgcagtagttgcggattcccgtggcgtaactgtagataaaatgactgaactgcgtaaagcaggtcgcgaagctggcgtatacatgcgtgttgttcgtaacaccctgctgcgccgtgctgttgaaggtactccgttcgagtgcctgaaagacgcgtttgttggtccgaccctgattgcatactctatggaacacccgggcgctgctgctcgtctgttcaaagagttcgcgaaagcgaatgcaaaatttgaggtcaaagccgctgcctttgaaggtgagctgatcccggcgtctcagatcgaccgcctggcaactctgccgacctacgaagaagcaattgcacgcctgatggcaaccatgaaagaagcttcggctggcaaactggttcgtactctggctgctgtacgcgatgcgaaagaagctgcttaa;17711.4;
rplk;c000095;protein;b3983;EG10872;rplK;429;142;MAKKVQAYVKLQVAAGMANPSPPVGPALGQQGVNIMEFCKAFNAKTDSIEKGLPIPVVITVYADRSFTFVTKTPPAAVLLKKAAGIKSGSGKPNKDKVGKISRAQLQEIAQTKAADMTGADIEAMTRSIEGTARSMGLVVED;atggctaagaaagtacaagcctatgtcaagctgcaggttgcagctggtatggctaacccgagtccgccagtaggtccggctctgggtcagcagggcgtaaacatcatggaattctgcaaagcgttcaacgcaaaaactgattccatcgaaaaaggtctgccgattccggtagtaatcaccgtttacgctgaccgttctttcactttcgttaccaagaccccgccggcagcagttctgctgaaaaaagcggctggtatcaagtctggttccggtaagccgaacaaagacaaagtgggtaaaatttcccgcgctcagctgcaggaaatcgcgcagaccaaagctgccgacatgactggtgccgacattgaagcgatgactcgctccatcgaaggtactgcacgttccatgggcctggtagtggaggactaa;14875.2;
rpll;c000096;protein;b3986;EG10873;rplL;366;121;MSITKDQIIEAVAAMSVMDVVELISAMEEKFGVSAAAAVAVAAGPVEAAEEKTEFDVILKAAGANKVAVIKAVRGATGLGLKEAKDLVESAPAALKEGVSKDDAEALKKALEEAGAEVEVK;atgtctatcactaaagatcaaatcattgaagcagttgcagctatgtctgtaatggacgttgtagaactgatctctgcaatggaagaaaaattcggtgtttccgctgctgctgctgtagctgtagctgctggcccggttgaagctgctgaagaaaaaactgaattcgacgtaattctgaaagctgctggcgctaacaaagttgctgttatcaaagcagtacgtggcgcaactggcctgggtctgaaagaagctaaagacctggtagaatctgcaccggctgctctgaaagaaggcgtgagcaaagacgacgcagaagcactgaaaaaagctctggaagaagctggcgctgaagttgaagttaaataa;12295.1;
rplm;c000097;protein;b3231;EG10874;rplM;429;142;MKTFTAKPETVKRDWYVVDATGKTLGRLATELARRLRGKHKAEYTPHVDTGDYIIVLNADKVAVTGNKRTDKVYYHHTGHIGGIKQATFEEMIARRPERVIEIAVKGMLPKGPLGRAMFRKLKVYAGNEHNHAAQQPQVLDI;atgaaaacttttacagctaaaccagaaaccgtaaaacgcgactggtatgttgttgacgcgaccggtaaaactctgggccgtctggctactgaactggctcgtcgcctgcgcggtaagcacaaagcggaatacactccgcacgtagataccggtgattacatcatcgttctgaacgctgacaaagttgctgtaaccggcaacaagcgtactgacaaagtgtactatcaccacaccggccacatcggtggtatcaaacaagcgacctttgaagagatgattgctcgccgtcctgagcgtgtgattgaaatcgcggttaaaggcatgttgccaaaaggcccgctgggtcgtgctatgttccgtaaactgaaagtttacgcgggtaacgagcacaaccacgcggcacagcaaccgcaagttcttgacatctaa;16018.3;
rpln;c000098;protein;b3310;EG10875 ;rplN;372;123;MIQEQTMLNVADNSGARRVMCIKVLGGSHRRYAGVGDIIKITIKEAIPRGKVKKGDVLKAVVVRTKKGVRRPDGSVIRFDGNACVLLNNNSEQPIGTRIFGPVTRELRSEKFMKIISLAPEVL;atgatccaagaacagactatgctgaacgtcgccgacaactccggtgcacgtcgcgtaatgtgtatcaaggttctgggtggctcgcaccgtcgctacgcaggcgtaggcgacatcatcaagatcaccatcaaagaagcaattccgcgtggtaaggtcaaaaaaggtgatgtgctgaaggcggtagtggtgcgcaccaagaagggtgttcgtcgcccggacggttctgtcattcgcttcgatggtaatgcttgtgttcttctgaacaacaacagcgagcagcctatcggtacgcgtatttttgggccggtaactcgtgagcttcgtagtgagaagttcatgaaaattatctctctggcaccagaagtactctaa;13540.9;
rplo;c000099;protein;b3301;EG10876;rplO;435;144;MRLNTLSPAEGSKKAGKRLGRGIGSGLGKTGGRGHKGQKSRSGGGVRRGFEGGQMPLYRRLPKFGFTSRKAAITAEIRLSDLAKVEGGVVDLNTLKAANIIGIQIEFAKVILAGEVTTPVTVRGLRVTKGARAAIEAAGGKIEE;atgcgtttaaatactctgtctccggccgaaggctccaaaaaggcgggtaaacgcctgggtcgtggtatcggttctggcctcggtaaaaccggtggtcgtggtcacaaaggtcagaagtctcgttctggcggtggcgtacgtcgcggtttcgagggtggtcagatgcctctgtaccgtcgtctgccgaaattcggcttcacttctcgtaaagcagcgattacagccgaaattcgtctgtctgacctggctaaagtagaaggcggtgtagtagacctgaacacgctgaaagcggctaacattatcggtatccagatcgagttcgcgaaagtgatcctggctggcgaagtaacgactccggtaactgttcgtggcctgcgtgttactaaaggcgctcgtgctgctatcgaagctgctggcggtaaaatcgaggaataa;14980.2;
rplp;c000100;protein;b3313;EG10877;rplP;411;136;MLQPKRTKFRKMHKGRNRGLAQGTDVSFGSFGLKAVGRGRLTARQIEAARRAMTRAVKRQGKIWIRVFPDKPITEKPLAVRMGKGKGNVEYWVALIQPGKVLYEMDGVPEELAREAFKLAAAKLPIKTTFVTKTVM;atgttacaaccaaagcgtacaaaattccgtaaaatgcacaaaggccgtaaccgcggtctggcgcagggtacggatgttagcttcggcagcttcggtctgaaagctgttggccgtggtcgtctgactgcccgtcagatcgaagcagcacgtcgtgctatgacccgtgcagttaagcgtcaaggtaagatctggatccgtgtgttcccggacaaaccgatcactgaaaagccgctggcagtgcgtatgggtaaaggtaaaggtaacgtggagtattgggttgccttgattcagccgggtaaagtcctgtatgaaatggacggtgttccggaagagctggcccgtgaagcattcaagctggcagcagcgaaactgccgattaaaaccacctttgtaactaagacggtgatgtaa;15281.0;
rplq;c000101;protein;b3294;EG10878;rplQ;384;127;MRHRKSGRQLNRNSSHRQAMFRNMAGSLVRHEIIKTTLPKAKELRRVVEPLITLAKTDSVANRRLAFARTRDNEIVAKLFNELGPRFASRAGGYTRILKCGFRAGDNAPMAYIELVDRSEKAEAAAE;atgcgccatcgtaagagtggtcgtcaactgaaccgcaacagcagccatcgccaggctatgttccgcaatatggcaggttcactggttcgtcatgaaatcatcaagacgactctgcctaaagcgaaagagctgcgccgcgtagttgagccgctgattactcttgccaagactgatagcgttgctaatcgtcgtctggcattcgcccgtactcgtgataacgagatcgtggcaaaactgtttaacgaactgggcccgcgtttcgcgagccgtgccggtggttacactcgtattctgaagtgtggcttccgtgcaggcgacaacgcgccgatggcttacatcgagctggttgatcgttcagagaaagcagaagctgctgcagagtaa;14364.4;
rplr;c000102;protein;b3304;EG10879;rplR;354;117;MDKKSARIRRATRARRKLQELGATRLVVHRTPRHIYAQVIAPNGSEVLVAASTVEKAIAEQLKYTGNKDAAAAVGKAVAERALEKGIKDVSFDRSGFQYHGRVQALADAAREAGLQF;atggataagaaatctgctcgtatccgtcgtgcgacccgcgcacgccgcaagctccaggagctgggcgcaactcgcctggtggtacatcgtaccccgcgtcacatttacgcacaggtaattgcaccgaacggttctgaagttctggtagctgcttctactgtagaaaaagctatcgctgaacaactgaagtacaccggtaacaaagacgcggctgcagctgtgggtaaagctgtcgctgaacgcgctctggaaaaaggcatcaaagatgtatcctttgaccgttccgggttccaatatcatggtcgtgtccaggcactggcagatgctgcccgtgaagctggccttcagttctaa;12769.5;
rpls;c000103;protein;b2606;EG10880;rplS;348;115;MSNIIKQLEQEQMKQDVPSFRPGDTVEVKVWVVEGSKKRLQAFEGVVIAIRNRGLHSAFTVRKISNGEGVERVFQTHSPVVDSISVKRRGAVRKAKLYYLRERTGKAARIKERLN;atgagcaacattattaagcaacttgaacaagagcagatgaagcaggacgtaccttccttccgtccgggtgataccgtggaagtgaaagtatgggttgttgaaggttccaaaaaacgtctgcaggcattcgagggcgtggttatcgctattcgtaaccgcggtctgcactctgcattcactgttcgtaaaatttccaacggcgaaggcgttgagcgtgtcttccagactcactctccggtagttgacagcatttctgtcaaacgtcgtggtgctgttcgtaaagctaaactgtactacctgcgtgagcgtactggtaaggctgctcgtatcaaagagcgtcttaactaa;13133.1;
rplt;c000104;protein;b1716;EG10881;rplT;357;118;MARVKRGVIARARHKKILKQAKGYYGARSRVYRVAFQAVIKAGQYAYRDRRQRKRQFRQLWIARINAAARQNGISYSKFINGLKKASVEIDRKILADIAVFDKVAFTALVEKAKAALA;atggctcgcgtaaaacgtggtgttattgcacgtgcacgtcacaagaaaattttgaaacaagctaaaggctactacggtgcgcgttctcgcgtataccgcgttgccttccaggctgttatcaaagctggtcagtatgcttaccgtgaccgtcgtcaacgtaagcgtcagttccgtcaactgtggattgcgcgtatcaacgcagcagcacgtcagaacggtatttcttacagcaaattcatcaatggcctgaaaaaagcctctgttgaaatcgaccgtaagatcctggctgatatcgcagtattcgacaaagtagcgttcaccgctctggttgaaaaagcgaaagcagctctggcataa;13496.8;
rplu;c000105;protein;b3186;EG50001;rplU;312;103;MYAVFQSGGKQHRVSEGQTVRLEKLDIATGETVEFAEVLMIANGEEVKIGVPFVDGGVIKAEVVAHGRGEKVKIVKFRRRKHYRKQQGHRQWFTDVKITGISA;atgtacgcggttttccaaagtggtggtaaacaacaccgagtaagcgaaggtcagaccgttcgcctggaaaagctggacatcgcaactggcgaaactgttgagttcgctgaagtgctgatgatcgcaaacggtgaagaagtcaaaatcggcgttcctttcgttgatggcggcgtaatcaaagctgaagttgttgctcacggtcgtggcgagaaagttaaaatcgttaagtttcgtcgtcgtaaacactatcgtaagcagcagggccatcgtcagtggttcactgatgtgaaaattactggcatcagcgcctaa;11564.2;
rplv;c000106;protein;b3315;EG10882;rplV;333;110;METIAKHRHARSSAQKVRLVADLIRGKKVSQALDILTYTNKKAAVLVKKVLESAIANAEHNDGADIDDLKVTKIFVDEGPSMKRIMPRAKGRADRILKRTSHITVVVSDR;atggaaactatcgctaaacatcgccatgctcgttcttctgctcagaaggttcgccttgttgctgacctgattcgcggtaagaaagtgtcgcaggctctggatattttgacctacaccaacaagaaagcggctgtactggtcaagaaagttctggaatctgccattgctaacgctgaacacaacgatggcgctgacattgacgatctgaaagttacgaaaattttcgtagacgaaggcccgagcatgaagcgcattatgccgcgtgcaaaaggtcgtgcagatcgcatcctgaagcgcaccagccacatcactgtggttgtgtccgatcgctga;12226.1;
rplw;c000107;protein;b3318;EG10883;rplW;303;100;MIREERLLKVLRAPHVSEKASTAMEKSNTIVLKVAKDATKAEIKAAVQKLFEVEVEVVNTLVVKGKVKRHGQRIGRRSDWKKAYVTLKEGQNLDFVGGAE;atgattcgtgaagaacgtctgctgaaggtgctgcgtgcaccgcacgtttctgaaaaagcgtctactgcgatggaaaaatccaacaccatcgtactcaaagttgctaaagacgcgaccaaagcagaaatcaaagctgctgtgcagaaactgtttgaagtcgaagtcgaagtcgttaacaccctggtagttaaagggaaagttaaacgtcacggacagcgtatcggtcgtcgtagcgactggaaaaaagcttacgtcaccctgaaagaaggccagaatctggacttcgttggcggcgctgagtaa;11199.0;
rplx;c000108;protein;b3309;EG10884;rplX;315;104;MAAKIRRDDEVIVLTGKDKGKRGKVKNVLSSGKVIVEGINLVKKHQKPVPALNQPGGIVEKEAAIQVSNVAIFNAATGKADRVGFRFEDGKKVRFFKSNSETIK;atggcagcgaaaatccgtcgtgatgacgaagttatcgtgttaaccggtaaagataaaggtaaacgcggtaaagttaagaatgtcctgtcttccggcaaggtcattgttgaaggtatcaacctggttaagaaacatcagaagccggttccggccctgaaccaaccgggtggcatcgttgaaaaagaagccgctattcaggtttccaacgtagcaatcttcaatgcggcaaccggcaaggctgaccgtgtaggctttagattcgaagacggtaaaaaagtccgtttcttcaagtctaacagcgaaactatcaagtaa;11316.1;
rply;c000109;protein;b2185;EG10885;rplY;285;94;MFTINAEVRKEQGKGASRRLRAANKFPAIIYGGKEAPLAIELDHDKVMNMQAKAEFYSEVLTIVVDGKEIKVKAQDVQRHPYKPKLQHIDFVRA;atgtttactatcaacgcagaagtacgtaaagagcagggtaagggtgcgagccgccgcctgcgtgccgctaacaagttcccggcaatcatctacggtggcaaagaagcgccgctggctatcgagctggatcacgacaaagtcatgaacatgcaagctaaagctgaattctacagcgaagttctgaccatcgttgttgacggtaaagaaatcaaagttaaagctcaggacgtacagcgtcacccgtacaaaccgaagctgcagcacatcgacttcgttcgcgcttaa;10693.3;
rpma;c000110;protein;b3185;EG50002;rpmA;258;85;MAHKKAGGSTRNGRDSEAKRLGVKRFGGESVLAGSIIVRQRGTKFHAGANVGCGRDHTLFAKADGKVKFEVKGPKNRKFISIEAE;atggcacataaaaaggctggcggctccacacgtaacggtcgcgattcagaagctaaacgcctgggcgttaagcgtttcggtggcgaatccgttctggcgggtagcatcatcgttcgtcaacgtggtaccaaattccacgctggcgctaacgtaggttgcggtcgtgaccacactctgtttgctaaagcagacggtaaagtgaaattcgaagttaaaggcccgaaaaaccgtaaatttatcagcatcgaagctgaataa;9124.4;
rpmb;c000111;protein;b3637;EG10886 ;rpmB;237;78;MSRVCQVTGKRPVTGNNRSHALNATKRRFLPNLHSHRFWVESEKRFVTLRVSAKGMRVIDKKGIDTVLAELRARGEKY;atgtcccgagtctgccaagttactggcaagcgtccggtgaccggtaacaaccgttcccacgcactgaacgcgactaaacgccgtttcctgccgaacctgcactctcaccgtttctgggttgagagcgagaagcgttttgtcaccctgcgcgtatctgctaaaggtatgcgtgtaatcgataaaaaaggcatcgatacagttctggctgaactgcgtgcccgtggcgaaaagtactaa;9006.4;
rpmc;c000112;protein;b3312;EG10887;rpmC;192;63;MKAKELREKSVEELNTELLNLLREQFNLRMQAASGQLQQSHLLKQVRRDVARVKTLLNEKAGA;atgaaagcaaaagagctgcgtgagaagagcgttgaagagctgaacaccgagctgctgaacctgctgcgtgagcagttcaacctgcgtatgcaggctgcaagtggccagctgcaacagtctcacctgttgaagcaagtgcgtcgcgatgtcgcacgcgttaagactttactgaacgagaaggcgggtgcgtaa;7273.4;
rpmd;c000113;protein;b3302;EG10888;rpmD;180;59;MAKTIKITQTRSAIGRLPKHKATLLGLGLRRIGHTVEREDTPAIRGMINAVSFMVKVEE;atggcaaagactattaaaattactcaaacccgcagtgcaatcggtcgtctgccgaaacacaaggcaacgctgcttggcctgggtctgcgtcgtattggtcacaccgtagagcgcgaggatactcctgctattcgcggtatgatcaacgcggtttccttcatggttaaagttgaggagtaa;6541.7;
rpmf;c000114;protein;b1089;EG10890 ;rpmF;174;57;MAVQQNKPTRSKRGMRRSHDALTAVTSLSVDKTSGEKHLRHHITADGYYRGRKVIAK;atggccgtacaacagaataaaccaacccgttccaaacgtggcatgcgtcgttcccatgacgcgctgaccgcagtcaccagcctgtctgtagacaaaacttctggtgaaaaacacctgcgtcaccacatcactgccgacggttactaccgcggccgcaaggtcatcgctaagtaa;6446.3;
rpmg;c000115;protein;b3636;EG10891;rpmG;168;55;MAKGIREKIKLVSSAGTGHFYTTTKNKRTKPEKLELKKFDPVVRQHVIYKEAKIK;atggctaaaggtattcgtgagaaaatcaagctggtttcttctgctggtactggtcacttctataccactacgaagaacaaacgtactaagccggaaaaactggaactgaaaaaattcgatccagttgttcgccagcacgtgatctacaaagaagcgaaaatcaaataa;6371.5;
rpmh;c000116;protein;b3703;EG10892;rpmH;141;46;MKRTFQPSVLKRNRSHGFRARMATKNGRQVLARRRAKGRARLTVSK;atgaaacgcacttttcaaccgtctgtactgaagcgcaaccgttctcacggcttccgtgctcgtatggctactaaaaatggtcgtcaggttctggcacgtcgtcgtgctaaaggccgcgctcgtctgaccgtttctaagtaa;5380.3;
rpmi;c000117;protein;b1717;EG11231;rpmI;198;65;MPKIKTVRGAAKRFKKTGKGGFKHKHANLRHILTKKATKRKRHLRPKAMVSKGDLGLVIACLPYA;atgccaaaaattaagaccgtacgcggtgctgctaagcgcttcaaaaaaaccggtaaaggtggttttaagcacaagcacgctaacctgcgtcacattctgaccaaaaaagcgaccaaacgtaaacgtcacctgcgtccgaaagccatggtttccaaaggcgatctgggcctggtaatcgcgtgcctgccgtacgcataa;7288.8;
rpsb;c000118;protein;b0169;EG10901;rpsB;726;241;MATVSMRDMLKAGVHFGHQTRYWNPKMKPFIFGARNKVHIINLEKTVPMFNEALAELNKIASRKGKILFVGTKRAASEAVKDAALSCDQFFVNHRWLGGMLTNWKTVRQSIKRLKDLETQSQDGTFDKLTKKEALMRTRELEKLENSLGGIKDMGGLPDALFVIDADHEHIAIKEANNLGIPVFAIVDTNSDPDGVDFVIPGNDDAIRAVTLYLGAVAATVREGRSQDLASQAEESFVEAE;atggcaactgtttccatgcgcgacatgctcaaggctggtgttcacttcggtcaccagacccgttactggaacccgaaaatgaagccgttcatcttcggtgcgcgtaacaaagttcacatcatcaaccttgagaaaactgtaccgatgttcaacgaagctctggctgaactgaacaagattgcttctcgcaaaggtaaaatccttttcgttggtactaaacgcgctgcaagcgaagcggtgaaagacgctgctctgagctgcgaccagttcttcgtgaaccatcgctggctgggcggtatgctgactaactggaaaaccgttcgtcagtccatcaaacgtctgaaagacctggaaactcagtctcaggacggtactttcgacaagctgaccaagaaagaagcgctgatgcgcactcgtgagctggagaaactggaaaacagcctgggcggtatcaaagacatgggcggtctgccggacgctctgtttgtaatcgatgctgaccacgaacacattgctatcaaagaagcaaacaacctgggtattccggtatttgctatcgttgataccaactctgatccggacggtgttgacttcgttatcccgggtaacgacgacgcaatccgtgctgtgaccctgtacctgggcgctgttgctgcaaccgtacgtgaaggccgttctcaggatctggcttcccaggcggaagaaagcttcgtagaagctgagtaa;26743.3;
rpsc;c000119;protein;b3314;EG10902;rpsC;702;233;MGQKVHPNGIRLGIVKPWNSTWFANTKEFADNLDSDFKVRQYLTKELAKASVSRIVIERPAKSIRVTIHTARPGIVIGKKGEDVEKLRKVVADIAGVPAQINIAEVRKPELDAKLVADSITSQLERRVMFRRAMKRAVQNAMRLGAKGIKVEVSGRLGGAEIARTEWYREGRVPLHTLRADIDYNTSEAHTTYGVIGVKVWIFKGEILGGMAAVEQPEKPAAQPKKQQRKGRK;atgggtcagaaagtacatcctaatggtattcgcctgggtattgtaaaaccatggaactctacctggtttgcgaacaccaaagaattcgctgacaacctggacagcgattttaaagtacgtcagtacctgactaaggaactggctaaagcgtccgtatctcgtatcgttatcgagcgtccggctaagagcatccgtgtaaccattcacactgctcgcccgggtatcgttatcggtaaaaaaggtgaagacgtagaaaaactgcgtaaggtcgtagcggacatcgctggcgttcctgcacagatcaacatcgccgaagttcgtaagcctgaactggacgcaaaactggttgctgacagcatcacttctcagctggaacgtcgcgttatgttccgtcgtgctatgaagcgtgctgtacagaacgcaatgcgtctgggcgctaaaggtattaaagttgaagttagcggccgtctgggcggcgcggaaatcgcacgtaccgaatggtaccgcgaaggtcgcgtaccgctgcacactctgcgtgctgacatcgactacaacacctctgaagcgcacaccacttacggtgtaatcggcgttaaagtgtggatcttcaaaggcgagatcctgggtggtatggctgctgttgaacaaccggaaaaaccggctgctcagcctaaaaagcagcagcgtaaaggccgtaaataa;25982.9;
rpsd;c000120;protein;b3296;EG10903;rpsD;621;206;MARYLGPKLKLSRREGTDLFLKSGVRAIDTKCKIEQAPGQHGARKPRLSDYGVQLREKQKVRRIYGVLERQFRNYYKEAARLKGNTGENLLALLEGRLDNVVYRMGFGATRAEARQLVSHKAIMVNGRVVNIASYQVSPNDVVSIREKAKKQSRVKAALELAEQREKPTWLEVDAGKMEGTFKRKPERSDLSADINEHLIVELYSK;atggcaagatatttgggtcctaagctcaagctgagccgtcgtgagggcaccgacttattccttaagtctggcgttcgcgcgatcgataccaagtgtaaaattgaacaagctcctggccagcacggtgcgcgtaaaccgcgtctgtctgactatggtgtgcagttgcgtgaaaagcaaaaagttcgccgtatctatggtgtgctggagcgtcagttccgtaactactacaaagaagcagcacgtctgaaaggcaacaccggtgaaaacctgttggctctgctggaaggtcgtctggacaacgttgtataccgtatgggcttcggtgccactcgtgcagaagcacgtcagctggttagccataaagcaattatggtaaacggtcgtgttgttaacatcgcttcttatcaggttagtccgaatgacgttgtaagcattcgtgagaaagcgaagaagcagtctcgcgtgaaagccgctctggagctggctgagcagcgtgaaaagccaacctggctggaagttgatgctggcaagatggaaggtacgtttaagcgtaagccggagcgttctgatctgtctgcggacattaacgaacacctgatcgtcgagctttactccaagtaa;23468.8;
rpse;c000121;protein;b3303;EG10904;rpsE;504;167;MAHIEKQAGELQEKLIAVNRVSKTVKGGRIFSFTALTVVGDGNGRVGFGYGKAREVPAAIQKAMEKARRNMINVALNNGTLQHPVKGVHTGSRVFMQPASEGTGIIAGGAMRAVLEVAGVHNVLAKAYGSTNPINVVRATIDGLENMNSPEMVAAKRGKSVEEILGK;atggctcacatcgaaaaacaagctggcgaactgcaggaaaagctgatcgcggtaaaccgcgtatctaaaaccgttaaaggtggtcgtattttctccttcacagctctgactgtagttggcgatggtaacggtcgcgttggttttggttacggtaaagcgcgtgaagttccagcagcgatccagaaagcgatggaaaaagcccgtcgcaatatgattaacgtcgcgctgaataacggcactctgcaacaccctgttaaaggtgttcacacgggttctcgcgtattcatgcagccggcttccgaaggtaccggtatcatcgccggtggtgcaatgcgcgccgttctggaagtcgctggggttcataacgttctggctaaagcctatggttccaccaacccgatcaacgtggttcgtgcaactattgatggcctggaaaatatgaattctccagaaatggtcgctgccaagcgtggtaaatccgttgaagaaattctggggaaataa;17603.2;
rpsf;c000122;protein;b4200;EG10905;rpsF;396;131;MRHYEIVFMVHPDQSEQVPGMIERYTAAITGAEGKIHRLEDWGRRQLAYPINKLHKAHYVLMNVEAPQEVIDELETTFRFNDAVIRSMVMRTKHAVTEASPMVKAKDERRERRDDFANETADDAEAGDSEE;atgcgtcattacgaaatcgtttttatggtccatcctgaccagagcgaacaggttccgggcatgatcgagcgctacactgctgccatcactggtgcagaaggcaagatccaccgtctggaagactggggccgccgtcagctggcttacccgatcaacaaactgcacaaagcacactacgttctgatgaatgttgaagctccgcaggaagtgatcgatgagctggaaactaccttccgcttcaacgatgccgttatccgcagcatggttatgcgtaccaagcacgctgttaccgaagcatctccgatggttaaagcgaaagacgagcgccgtgagcgtcgcgatgatttcgcaaacgaaaccgctgatgatgctgaagctggggattctgaagagtaa;15186.9;
rpsg;c000123;protein;b3341;EG10906;rpsG;540;179;MPRRRVIGQRKILPDPKFGSELLAKFVNILMVDGKKSTAESIVYSALETLAQRSGKSELEAFEVALENVRPTVEVKSRRVGGSTYQVPVEVRPVRRNALAMRWIVEAARKRGDKSMALRLANELSDAAENKGTAVKKREDVHRMAEANKAFAHYRWLSLRSFSHQAGASSKQPALGYLN;atgccacgtcgtcgcgtcattggtcagcgtaaaattctgccggatccgaagttcggatcagaactgctggctaaatttgtaaatatcctgatggtagatggtaaaaaatctactgctgaatctatcgtatacagcgcgctggagaccctggctcagcgctctggtaaatctgaactggaagcattcgaagtagctctcgaaaacgtgcgcccgactgtagaagttaagtctcgccgcgttggtggttctacttatcaggtaccagttgaagtccgtccggttcgtcgtaatgctctggcaatgcgttggatcgttgaagctgctcgtaaacgcggtgataaatccatggctctgcgcctggcgaacgaactttctgatgctgcagaaaacaaaggtactgcagttaagaaacgtgaagacgttcaccgtatggccgaagccaacaaggcgttcgcacactaccgttggttatcccttcggagttttagtcaccaggcgggcgcttccagtaagcagcccgctttgggctacttaaattga;20018.9;
rpsi;c000124;protein;b3230;EG10908;rpsI;393;130;MAENQYYGTGRRKSSAARVFIKPGNGKIVINQRSLEQYFGRETARMVVRQPLELVDMVEKLDLYITVKGGGISGQAGAIRHGITRALMEYDESLRSELRKAGFVTRDARQVERKKVGLRKARRRPQFSKR;atggctgaaaatcaatactacggcactggtcgccgcaaaagttccgcagctcgcgttttcatcaaaccgggcaacggtaaaatcgtaatcaaccaacgttctctggaacagtacttcggtcgtgaaactgcccgcatggtagttcgtcagccgctggaactggtcgacatggttgagaaactggacctgtacatcaccgttaaaggtggtggtatctctggtcaggctggtgcgatccgtcacggtatcacccgcgctctgatggaatacgacgagtccctgcgttctgaactgcgtaaagctggcttcgttactcgtgacgctcgtcaggttgaacgtaagaaagtcggtctgcgtaaagcacgtcgtcgtccgcagttctccaaacgttaa;14856.0;
rpsj;c000125;protein;b3321;EG10909;rpsJ;312;103;MQNQRIRIRLKAFDHRLIDQATAEIVETAKRTGAQVRGPIPLPTRKERFTVLISPHVNKDARDQYEIRTHLRLVDIVEPTEKTVDALMRLDLAAGVDVQISLG;atgcagaaccaaagaatccgtatccgcctgaaagcgtttgatcatcgtctgatcgatcaagcaaccgcggaaatcgtcgagactgccaagcgcactggtgcgcaggtccgtggtccgatcccgctgccgacacgcaaagagcgcttcactgttctgatctccccgcacgtcaacaaagacgcgcgcgatcagtacgaaatccgtactcacttgcgtctggttgacatcgttgagccaaccgagaaaaccgttgatgctctgatgcgtctggatctggctgccggtgtagacgtgcagatcagcctgggttaa;11735.4;
rpsk;c000126;protein;b3297;EG10910;rpsK;390;129;MAKAPIRARKRVRKQVSDGVAHIHASFNNTIVTITDRQGNALGWATAGGSGFRGSRKSTPFAAQVAAERCADAVKEYGIKNLEVMVKGPGPGRESTIRALNAAGFRITNITDVTPIPHNGCRPPKKRRV;atggcaaaggcaccaattcgtgcacgtaaacgtgtaagaaaacaagtctctgacggcgtggctcatatccatgcttctttcaacaacaccatcgtgactatcactgatcgtcagggtaacgcgttgggttgggcaacagccggtggttccggtttccgtggttctcgcaaatccactccgtttgcagctcaggttgcagcagagcgttgcgctgacgccgtgaaagaatacggcatcaagaatctggaagttatggttaaaggtccgggtccaggccgcgaatctactattcgtgctctgaacgccgcaggtttccgcatcactaacattactgatgtgactccgatccctcataacggttgtcgtccgccgaaaaaacgtcgcgtataa;13844.8;
rpsl;c000127;protein;b3342;EG10911;rpsL;375;124;MATVNQLVRKPRARKVAKSNVPALEACPQKRGVCTRVYTTTPKKPNSALRKVCRVRLTNGFEVTSYIGGEGHNLQEHSVILIRGGRVKDLPGVRYHTVRGALDCSGVKDRKQARSKYGVKRPKA;atggcaacagttaaccagctggtacgcaaaccacgtgctcgcaaagttgcgaaaagcaacgtgcctgcgctggaagcatgcccgcaaaaacgtggcgtatgtactcgtgtatatactaccactcctaaaaaaccgaactccgcgctgcgtaaagtatgccgtgttcgtctgactaacggtttcgaagtgacttcctacatcggtggtgaaggtcacaacctgcaggagcactccgtgatcctgatccgtggcggtcgtgttaaagacctcccgggtgttcgttaccacaccgtacgtggtgcgcttgactgctccggcgttaaagaccgtaagcaggctcgttccaagtatggcgtgaagcgtcctaaggcttaa;13736.9;
rpsm;c000128;protein;b3298;EG10912;rpsM;357;118;MARIAGINIPDHKHAVIALTSIYGVGKTRSKAILAAAGIAEDVKISELSEGQIDTLRDEVAKFVVEGDLRREISMSIKRLMDLGCYRGLRHRRGLPVRGQRTKTNARTRKGPRKPIKK;gtggcccgtatagcaggcattaacattcctgatcataagcatgccgtaatcgcattaacttcgatttatggcgtcggcaagacccgttctaaagccatcctggctgcagcgggtatcgctgaagatgttaagatcagtgagctgtctgaaggacaaatcgacacgctgcgtgacgaagttgccaaatttgtcgttgaaggtgatctgcgccgtgaaatcagcatgagcatcaagcgcctgatggatcttggttgctatcgcggtttgcgtcatcgtcgtggtctcccggttcgcggtcagcgtaccaagaccaacgcacgtacccgtaagggtccgcgcaaaccgatcaagaaataa;13099.2;
rpso;c000129;protein;b3165;EG10914;rpsO;270;89;MSLSTEATAKIVSEFGRDANDTGSTEVQVALLTAQINHLQGHFAEHKKDHHSRRGLLRMVSQRRKLLDYLKRKDVARYTQLIERLGLRR;atgtctctaagtactgaagcaacagctaaaatcgtttctgagtttggtcgtgacgcaaacgacaccggttctaccgaagttcaggtagcactgctgactgcacagatcaaccacctgcagggccactttgcagagcacaaaaaagatcaccacagccgtcgtggtctgctgcgcatggtttctcagcgtcgtaaactgctcgactacctgaaacgtaaagacgtagcacgttacacccagctcatcgagcgcctgggtctgcgtcgctaa;10268.6;
rpsp;c000130;protein;b2609;EG10915;rpsP;249;82;MVTIRLARHGAKKRPFYQVVVADSRNARNGRFIERVGFFNPIASEKEEGTRLDLDRIAHWVGQGATISDRVAALIKEVNKAA;atggtaactattcgtttagcacgtcacggcgctaaaaagcgtccgttctaccaggttgttgtcgctgacagccgtaatgcacgcaacggtcgcttcatcgagcgcgttggtttcttcaacccaatcgctagcgaaaaagaagaaggcactcgcctggatctggatcgcatcgctcactgggttggccagggcgcaactatttctgatcgcgttgctgcgctgatcaaagaagtaaacaaagcagcttaa;9190.4;
rpsq;c000131;protein;b3311;EG10916;rpsQ;255;84;MTDKIRTLQGRVVSDKMEKSIVVAIERFVKHPIYGKFIKRTTKLHVHDENNECGIGDVVEIRECRPLSKTKSWTLVRVVEKAVL;atgaccgataaaatccgtactctgcaaggtcgcgttgttagcgacaaaatggagaaatccattgttgttgctatcgaacgttttgtgaaacacccgatctacggtaaattcatcaagcgtacgaccaaactgcacgtacatgacgagaacaacgaatgcggtatcggtgacgtggttgaaatccgcgaatgccgtccgctgtccaagactaaatcctggacgctggttcgcgttgtagagaaagcggttctgtaa;9704.3;
rpsr;c000132;protein;b4202;EG10917;rpsR;228;75;MARYFRRRKFCRFTAEGVQEIDYKDIATLKNYITESGKIVPSRITGTRAKYQRQLARAIKRARYLSLLPYTDRHQ;atggcacgttatttccgtcgtcgcaagttctgccgtttcaccgcggaaggcgttcaagagatcgactataaagatatcgctacgctgaaaaactacatcaccgaaagcggtaagattgtcccaagccgtatcaccggtacccgtgcaaaataccagcgtcagctggctcgcgctatcaaacgcgctcgctacctgtccctgctgccgtacactgatcgccatcagtaa;8986.3;
rpss;c000133;protein;b3316;EG10918;rpsS;279;92;MPRSLKKGPFIDLHLLKKVEKAVESGDKKPLRTWSRRSTIFPNMIGLTIAVHNGRQHVPVFVTDEMVGHKLGEFAPTRTYRGHAADKKAKKK;atgccacgttctctcaagaaaggtccttttattgacctgcacttgctgaagaaggtagagaaagcggtggaaagcggagacaagaagcccctgcgcacttggtcccgtcgttcaacgatctttcctaacatgatcggtttgaccatcgctgtccataatggtcgtcagcacgttccggtatttgtaaccgacgaaatggttggtcacaaactgggtgaattcgcaccgactcgtacttatcgcggccacgctgctgataaaaaagcgaagaagaaataa;10430.2;
rpst;c000134;protein;b0023;EG10919;rpsT;264;87;MANIKSAKKRAIQSEKARKHNASRRSMMRTFIKKVYAAIEAGDKAAAQKAFNEMQPIVDRQAAKGLIHKNKAARHKANLTAQINKLA;ttggctaatatcaaatcagctaagaagcgcgccattcagtctgaaaaggctcgtaagcacaacgcaagccgtcgctctatgatgcgtactttcatcaagaaagtatacgcagctatcgaagctggcgacaaagctgctgcacagaaagcatttaacgaaatgcaaccgatcgtggaccgtcaggctgctaaaggtctgatccacaaaaacaaagctgcacgtcataaggctaacctgactgcacagatcaacaaactggcttaa;9684.3;
rpsu;c000135;protein;b3065;EG10920;rpsU;216;71;MPVIKVRENEPFDVALRRFKRSCEKAGVLAEVRRREFYEKPTTERKRAKASAVKRHAKKLARENARRTRLY;atgccggtaattaaagtacgtgaaaacgagccgttcgacgtagctctgcgtcgcttcaagcgttcctgcgaaaaagcaggtgttctggcggaagttcgtcgtcgtgagttctatgaaaaaccgactaccgaacgtaagcgcgctaaagcttctgcagtgaaacgtcacgcgaagaaactggctcgcgaaaacgcacgccgcactcgtctgtactaa;8499.9;
rrf;c000136;protein;b0172;EG10335;frr;558;185;MISDIRKDAEVRMDKCVEAFKTQISKIRTGRASPSLLDGIVVEYYGTPTPLRQLASVTVEDSRTLKINVFDRSMSPAVEKAIMASDLGLNPNSAGSDIRVPLPPLTEERRKDLTKIVRGEAEQARVAVRNVRRDANDKVKALLKDKEISEDDDRRSQDDVQKLTDAAIKKIEAALADKEAELMQF;gtgattagcgatatcagaaaagatgctgaagtacgcatggacaaatgcgtagaagcgttcaaaacccaaatcagcaaaatacgcacgggtcgtgcttctcccagcctgctggatggcattgtcgtggaatattacggcacgccgacgccgctgcgtcagctggcaagcgtaacggtagaagattcccgtacactgaaaatcaacgtgtttgatcgttcaatgtctccggccgttgaaaaagcgattatggcgtccgatcttggcctgaacccgaactctgcgggtagcgacatccgtgttccgctgccgccgctgacggaagaacgtcgtaaagatctgaccaaaatcgttcgtggtgaagcagaacaagcgcgtgttgcagtacgtaacgtgcgtcgtgacgcgaacgacaaagtgaaagcactgttgaaagataaagagatcagcgaagacgacgatcgccgttctcaggacgatgtacagaaactgactgatgctgcaatcaagaaaattgaagcggcgctggcagacaaagaagcagaactgatgcagttctga;20638.3;
rrma;c000137;protein;b1822;EG12207;rlmA;810;269;MSFSCPLCHQPLSREKNSYICPQRHQFDMAKEGYVNLLPVQHKRSRDPGDSAEMMQARRAFLDAGHYQPLRDAIVAQLRERLDDKATAVLDIGCGEGYYTHAFADALPEITTFGLDVSKVAIKAAAKRYPQVTFCVASSHRLPFSDTSMDAIIRIYAPCKAEELARVVKPGGWVITATPGPRHLMELKGLIYNEVHLHAPHAEQLEGFTLQQSAELCYPMRLRGDEAVALLQMTPFAWRAKPEVWQTLAAKEVFDCQTDFNIHLWQRSY;atgtctttttcctgtccactttgccatcagcctctttcgcgtgaaaaaaacagctatatctgtccccagcgacatcagtttgatatggcgaaagaagggtatgtcaatctgctgcccgttcagcataaacggtctcgtgatccgggcgacagcgcggaaatgatgcaagcacgccgcgcattcttagatgccggacattatcagccgctgcgtgatgcaattgtcgcccaactgagggaacggcttgatgataaggccacggcggtgctggatattggctgtggtgaagggtattacacacacgcatttgccgatgcgttgcccgaaatcaccacgtttggtctggatgtttcgaaggtagcgataaaagcggcggcgaaacgctatccgcaggtcactttttgtgtcgcttccagccaccgtttgccgttttccgataccagtatggacgccataatacgtatttacgcgccgtgtaaagcagaagaattagcacgagtagtgaagcccggcggctgggtcattactgccacgccgggaccgcgacatttgatggagctgaaggggctgatttacaatgaagtacatcttcatgcacctcatgcagaacaactggaaggttttacattacagcagagtgcggagttgtgttatccgatgcgtcttcgcggtgatgaagccgtcgcattattgcagatgacgccgtttgcctggcgtgcgaagccagaagtctggcaaacactggcagcaaaagaagtgttcgactgccagacggactttaatattcacctctggcagcgttcttattaa;30418.6;
rsga;c000138;protein;b4161;G7841;rsgA;1053;350;;;42120.0;
rsma;c000139;protein;b0051;EG10523;rsmA;822;273;MNNRVHQGHLARKRFGQNFLNDQFVIDSIVSAINPQKGQAMVEIGPGLAALTEPVGERLDQLTVIELDRDLAARLQTHPFLGPKLTIYQQDAMTFNFGELAEKMGQPLRVFGNLPYNISTPLMFHLFSYTDAIADMHFMLQKEVVNRLVAGPNSKAYGRLSVMAQYYCNVIPVLEVPPSAFTPPPKVDSAVVRLVPHATMPHPVKDVRVLSRITTEAFNQRRKTIRNSLGNLFSVEVLTGMGIDPAMRAENISVAQYCQMANYLAENAPLQES;atgaataatcgagtccaccagggccacttagcccgtaaacgcttcgggcaaaactttctcaacgatcagttcgtgatcgacagtattgtgtctgccattaacccgcaaaagggccaggcgatggtcgaaatcggccccggtctggcggcattgaccgaaccggtcggcgaacgtctggaccagctgacggtcatcgaacttgaccgcgatctggcggcacgtctgcaaacgcatccattcttaggcccgaaactgacgatttatcagcaggatgcgatgacctttaactttggtgaactggccgagaaaatgggtcagccgctgcgtgttttcggcaacctgccttataacatctccacgccgttgatgttccatctgtttagctatactgatgccattgccgacatgcactttatgttgcaaaaagaggtggtgaatcgtctggttgcaggaccgaacagcaaagcgtatggtcgattaagcgtcatggcgcaatactattgcaatgtgatcccggtactggaagtaccgccgtcagcctttacaccaccacccaaagtggattccgccgtcgtgcgcctggttcctcatgcaacgatgcctcacccggttaaagatgttcgtgtgttgagccgcatcaccaccgaagcctttaaccagcgtcgtaaaaccattcgtaacagcctcggcaacctgtttagcgtcgaggtgttaacgggaatggggatcgacccggcgatgcgagcggaaaatatctctgtcgcgcaatattgccagatggcgaactatctggcggagaacgcgcctttgcaggagagttaa;30419.8;
rsmb;c000140;protein;b3289;EG12163;rsmB;1290;429;MKKQRNLRSMAAQAVEQVVEQGQSLSNILPPLQQKVSDKDKALLQELCFGVLRTLSQLDWLINKLMARPMTGKQRTVHYLIMVGLYQLLYTRIPPHAALAETVEGAIAIKRPQLKGLINGVLRQFQRQQEELLAEFNASDARYLHPSWLLKRLQKAYPEQWQSIVEANNQRPPMWLRINRTHHSRDSWLALLDEAGMKGFPHADYPDAVRLETPAPVHALPGFEDGWVTVQDASAQGCMTWLAPQNGEHILDLCAAPGGKTTHILEVAPEAQVVAVDIDEQRLSRVYDNLKRLGMKATVKQGDGRYPSQWCGEQQFDRILLDAPCSATGVIRRHPDIKWLRRDRDIPELAQLQSEILDAIWPHLKTGGTLVYATCSVLPEENSLQIKAFLQRTADAELCETGTPEQPGKQNLPGAEEGDGFFYAKLIKK;atgaaaaaacaacgtaatttacgtagcatggcggcccaggccgttgaacaagtcgtcgagcaagggcaatcattaagcaacattctgccaccgctccagcaaaaagtttccgataaagacaaagcacttcttcaagagttgtgctttggcgtactgcgtacgctttcgcagttagactggctgattaataagttaatggcccgtccgatgaccggcaaacagcggaccgtgcattacctgattatggttggtttgtatcaactgctttatacccgcattccacctcatgctgcgctggctgaaacggttgaaggcgctatcgcaattaagcgtccgcaacttaaagggttgataaacggtgtattacgccagttccagcgtcagcaagaagagttattagccgagtttaatgccagtgatgcacgttatctgcatccttcctggttgctgaagcgtctgcaaaaagcgtatccagagcagtggcaatccatcgtcgaagccaataaccagcgtccgccaatgtggctgcgtattaatcgtacgcatcattcccgcgacagctggcttgcattgctggatgaagcaggaatgaaaggtttcccgcatgcggattaccctgatgctgtacgtctggaaacacctgcacctgttcatgcgctacctggttttgaagacggatgggttaccgttcaggatgcatcagcacaaggttgcatgacctggcttgcgccacaaaacggtgaacacattttggatctttgtgccgcccccggcggtaaaacaacgcatatccttgaggtggcaccagaagcgcaggttgttgcggttgatatcgacgaacagcgcctctctcgggtttacgacaatttaaaacgccttggtatgaaggcgaccgtgaaacaaggtgatggccgttacccttctcaatggtgtggcgagcaacagtttgatcgcattttattagatgcgccttgttcagcaaccggtgtgattcgtcgccatccagatattaaatggttacgtcgcgatcgcgatatcccggaactcgcgcaattgcagtctgaaattctcgacgccatttggccgcatttaaaaaccggtggaactctggtctatgccacctgttcggtgttaccggaagagaatagcctgcagattaaagcctttttgcaacgtaccgctgatgccgaactttgcgaaacaggaacaccagagcaaccgggtaaacaaaatctacctggtgccgaagagggcgacggcttcttttacgctaagctaatcaaaaagtga;48346.9;
rsmc;c000141;protein;b4371;G7950 ;rsmC;1032;343;MSAFTPASEVLLRHSDDFEQSRILFAGDLQDDLPARLDTAASRAHTQQFHHWQVLSRQMGDNARFSLVATADDVADCDTLIYYWPKNKPEAQFQLMNLLSLLPVGTDIFVVGENRSGVRSAEQMLADYAPLNKVDSARRCGLYFGRLEKQPVFDAEKFWGEYSVDGLTVKTLPGVFSRDGLDVGSQLLLSTLTPHTKGKVLDVGCGAGVLSVAFARHSPKIRLTLCDVSAPAVEASRATLAANGVEGEVFASNVFSEVKGRFDMIISNPPFHDGMQTSLDAAQTLIRGAVRHLNSGGELRIVANAFLPYPDVLDETFGFHEVIAQTGRFKVYRAIMTRQAKKG;atgtctgcatttaccccggcaagtgaagtcttgctgcgtcacagtgatgatttcgaacaaagccgtattctgtttgccggagacttacaggatgacctgcccgcgcgtttagataccgcggccagccgtgctcatacccagcaattccaccactggcaggtattaagccgccagatgggggataacgcccgtttcagtctggtcgccacggcggatgacgtcgcagattgcgatacgctgatttactactggccgaagaacaaaccggaagcccagttccagttgatgaatttactttctctgctgccagtggggacagatatttttgtcgttggcgagaaccgcagcggcgtgcgcagcgccgagcagatgctggcagattatgcgccgttgaataaagtcgacagcgctcgtcgctgtggcctctattttggtcgtctggaaaaacagccggtatttgatgcggagaaattctggggcgaatacagcgtcgatggcctgacggtcaaaacgctgcctggcgtgtttagccgcgacggtctggatgtcggtagccagttgctgctctcgacgttaactccgcacacgaaaggtaaagtgctggatgtcggctgtggcgcgggcgtgctttcagttgcctttgcgcgccattcgccgaaaattcgtctcaccttgtgcgatgtctctgccccggcggtagaagccagccgcgcaacacttgcggccaacggtgttgaaggtgaagtctttgccagcaacgtcttttccgaggtgaaaggtcgttttgatatgatcatctccaacccgccgttccacgatgggatgcaaaccagcctggatgcggcgcaaacgctgattcgcggtgcggtgcgtcatcttaatagcggcggcgagctgcgaattgtagcgaacgccttcctgccttatccggacgtgctggatgagacatttggcttccacgaagtgatcgcgcaaacagggcgcttcaaggtgtatcgcgccattatgacccgccaggcgaagaaaggttaa;37624.3;
rsmd;c000142;protein;b3465;EG10343;rsmD;597;198;MKKPNHSGSGQIRIIGGQWRGRKLPVPDSPGLRPTTDRVRETLFNWLAPVIVDAQCLDCFAGSGALGLEALSRYAAGATLIEMDRAVSQQLIKNLATLKAGNARVVNSNAMSFLAQKGTPHNIVFVDPPFRRGLLEETINLLEDNGWLADEALIYVESEVENGLPTVPANWSLHREKVAGQVAYRLYQREAQGESDAD;atgaaaaaaccgaatcattccggcagcggccaaatccgcattattggcgggcagtggcgaggccgtaaactcccggttcctgatagcccaggtctgcgccccaccaccgaccgcgtacgcgaaacgttgtttaactggctggctccggtcattgttgacgcccaatgtctggattgcttcgccgggagcggcgcgctggggctggaagcgttatcgcgctacgctgcgggggcaacgttgattgagatggatcgcgcggtttctcagcagttaattaagaatctggcgacactaaaagcaggcaatgcacgcgtggtgaacagcaacgcgatgtcattcctggcgcaaaaaggtacaccgcataatatcgtgtttgtcgatccaccgttccgccgtggcttgttagaagagacgataaatttactggaagataacggctggctggctgacgaagccctgatttatgtcgaaagcgaagtcgaaaacggtctgcccactgttccagcaaactggtcattacatcgggaaaaagtggcgggtcaggtggcttatcggctgtatcaacgcgaagcacaaggagaaagtgatgctgattaa;21677.3;
rsme;c000143;protein;b2946;EG12366;rsmE;732;243;MRIPRIYHPEPLTSHSHIALCEDAANHIGRVLRMGPGQALQLFDGSNQVFDAEITSASKKSVEVKVLEGQIDDRESPLHIHLGQVMSRGEKMEFTIQKSIELGVSLITPLFSERCGVKLDSERLNKKLQQWQKIAIAACEQCGRNRVPEIRPAMDLEAWCAEQDEGLKLNLHPRASNSINTLPLPVERVRLLIGPEGGLSADEIAMTARYQFTDILLGPRVLRTETTALTAITALQVRFGDLG;atgcgtatcccccgcatttatcatcctgaaccactgaccagccattctcacatcgcgctttgcgaagatgccgccaaccatatcgggcgcgtactgcgcatggggccggggcaggcgttgcaattgtttgacggtagcaaccaggtctttgacgccgaaattaccagcgccagcaaaaaaagcgtggaagtgaaggtgctggaaggccagatcgacgatcgcgaatctccgctgcatattcacctcggtcaggtgatgtcgcgtggtgaaaaaatggaatttactatccagaaatcgatcgaactcggtgtaagcctcattacgccacttttttctgagcgctgcggcgttaaactggatagtgaacgtctgaacaagaagcttcagcagtggcagaagattgcaattgctgcctgtgagcagtgtggtcgtaaccgggtgccggaaatccgtccagcgatggatctggaagcctggtgtgcagagcaggatgaaggactgaaactgaatcttcacccgcgcgccagtaacagcatcaatacgttgccgttaccggttgaacgcgtccgcctgctgattggcccggaaggcggtttatcggcagatgaaattgccatgactgcccgctatcaatttactgatatcctgttgggacctcgcgttttgcgtacagagacaactgcgctcaccgccattaccgcgctacaagtacgatttggcgatttgggctaa;26977.8;
rsmf;c000144;protein;b1835;G7008;rsmF;1440;479;MAQHTVYFPDAFLTQMREAMPSTLSFDDFLAACQRPLRRSIRVNTLKISVADFLQLTAPYGWTLTPIPWCEEGFWIERDNEDALPLGSTAEHLSGLFYIQEASSMLPVAALFADGNAPQRVMDVAAAPGSKTTQISARMNNEGAILANEFSASRVKVLHANISRCGISNVALTHFDGRVFGAAVPEMFDAILLDAPCSGEGVVRKDPDALKNWSPESNQEIAATQRELIDSAFHALRPGGTLVYSTCTLNQEENEAVCLWLKETYPDAVEFLPLGDLFPGANKALTEEGFLHVFPQIYDCEGFFVARLRKTQAIPALPAPKYKVGNFPFSPVKDREAGQIRQAATGVGLNWDENLRLWQRDKELWLFPVGIEALIGKVRFSRLGIKLAETHNKGYRWQHEAVIALASPDNMNAFELTPQEAEEWYRGRDVYPQAAPVADDVLVTFQHQPIGLAKRIGSRLKNSYPRELVRDGKLFTGNA;gtggcccaacacaccgtttatttcccggacgcctttctgacacaaatgcgcgaagcgatgccttcgacgctctcatttgatgattttcttgccgcctgtcagcgcccgttgcgccgcagcattcgcgttaatacgctgaaaatctccgttgctgatttcctgcaattaaccgctccttatggctggacgcttacgccaattccgtggtgtgaagaaggtttctggattgaacgcgacaatgaagatgcattgccattgggtagtaccgccgagcatttaagtggcctgttttatattcaggaagccagttcaatgttgcctgttgccgccttgtttgctgacggtaatgcaccacagcgggtgatggatgtcgctgccgcgcctggctccaaaacgacgcaaatttccgcgcggatgaataacgaaggggcaatccttgccaatgagttttccgccagtcgggtaaaagtgttacatgccaatatcagccgctgtggtatcagtaatgttgcgctcacacattttgatggccgcgtgtttggtgcggcagtgccagaaatgttcgatgccattttgctggacgctccctgctctggcgaaggcgtggtgcgtaaagatcccgatgcgctaaaaaactggtcaccagaaagcaatcaggaaatcgcagctacacaacgggagcttatcgacagcgcctttcatgcattacgtcctggtggtacgctggtttactcgacctgtaccttaaaccaggaagaaaacgaagccgtttgcctgtggctgaaagagacttaccccgacgcagtagagtttttaccacttggcgatctcttccctggtgcaaacaaagcgctgaccgaagaaggctttttgcatgttttcccacaaatttacgactgcgaaggcttcttcgttgctcgtctgcgtaaaactcaggcgattcccgccttacccgcccccaaatacaaagtcggtaattttccgttcagcccggtgaaagatcgcgaagctggacaaattcgtcaggcggctacaggtgttggcttaaactgggatgaaaacctgcgcctctggcagcgtgacaaagaactgtggttgttcccggtgggcattgaagccctgatcggtaaagtccgattttctcggttggggattaaacttgccgagacgcacaacaaaggttatcgctggcagcatgaagcggttattgctcttgcctcacccgataatatgaatgcattcgagctgacaccgcaggaagcggaggagtggtatcgcgggcgcgatgtttacccgcaagccgcgccagtggcggatgatgtattggttactttccagcatcaaccgattggtttagccaaacggattggttcgcgattgaaaaacagctatccgcgtgaactggtgcgcgatgggaaactttttaccggtaacgcctga;53226.9;
rsmg;c000145;protein;b3740;EG10376;rsmG;624;207;MLNKLSLLLKDAGISLTDHQKNQLIAYVNMLHKWNKAYNLTSVRDPNEMLVRHILDSIVVAPYLQGERFIDVGTGPGLPGIPLSIVRPEAHFTLLDSLGKRVRFLRQVQHELKLENIEPVQSRVEEFPSEPPFDGVISRAFASLNDMVSWCHHLPGEQGRFYALKGQMPEDEIALLPEEYQVESVVKLQVPALDGERHLVVIKANKI;gtgctcaacaaactctccttactgctgaaagacgcaggtatttcgcttaccgatcaccagaaaaaccagcttattgcctacgtgaatatgctgcataaatggaacaaagcgtacaacctgacttcggtccgcgatcctaatgagatgctggtacgccatattctcgatagcattgtggtggcaccgtatctgcaaggtgaacggtttatcgatgtcggcaccggaccaggactgccaggcattccactctctatcgtgcgtcctgaagcccatttcactctgttggatagccttggtaaacgcgtgcgtttccttcgtcaggtgcaacatgagcttaaactggagaatattgaaccagtacagagcagggtagaagagtttccttcagagccgccatttgatggcgtaattagccgcgcttttgcctctctgaacgatatggtgagctggtgccaccatcttcctggtgagcaaggccgtttctacgcgctgaaagggcaaatgccggaagatgaaatcgctttgttgcccgaagaatatcaggtcgaatcagtggttaaacttcaggttccagccctggatggcgaacgtcatctggtggtgattaaagcaaataaaatttaa;23430.8;
rsua;c000146;protein;b2183;EG12044;rsuA;696;231;MRLDKFIAQQLGVSRAIAGREIRGNRVTVDGEIVRNAAFKLLPEHDVAYDGNPLAQQHGPRYFMLNKPQGYVCSTDDPDHPTVLYFLDEPVAWKLHAAGRLDIDTTGLVLMTDDGQWSHRITSPRHHCEKTYLVTLESPVADDTAEQFAKGVQLHNEKDLTKPAVLEVITPTQVRLTISEGRYHQVKRMFAAVGNHVVELHRERIGGITLDADLAPGEYRPLTEEEIASVV;atgcgacttgataaatttatcgcacagcaactcggcgttagccgtgctattgccgggcgtgaaatccgcggcaatcgtgtcaccgtcgatggcgaaatcgtccgtaatgcagcgttcaaactgcttcctgaacatgatgtcgcttacgatggcaacccgctggcgcagcaacacggtccacgttacttcatgctcaataagcctcagggctatgtttgctccacggacgaccctgatcacccaacggtgctctattttcttgatgaaccggtagcgtggaaactgcatgcggcggggcggttggatattgataccaccggtctggtgctgatgactgatgatggtcagtggtcgcaccgcattacttctccgcgccatcattgcgagaagacctatctggtgacactggaatcacctgtagctgacgatacggcagagcaatttgctaaaggcgtgcagctgcataacgaaaaagatctcactaagcctgcggtgctggaagtgattaccccaacgcaggttcgtctgaccatcagcgaagggcgttatcatcaggtgaaacgcatgttcgccgccgtgggtaaccacgtggttgagctgcatcgtgaacgtattggcggtattacgctggatgctgatttagcccccggtgaatatcgtccgttaactgaagaagaaattgccagcgtcgtctaa;25865.0;
rumb;c000147;protein;b0859;G6449;rlmC;1128;375;MQCALYDAGRCRSCQWIMQPIPEQLSAKTADLKNLLADFPVEEWCAPVSGPEQGFRNKAKMVVSGSVEKPLLGMLHRDGTPEDLCDCPLYPASFAPVFAALKPFIARAGLTPYNVARKRGELKYILLTESQSDGGMMLRFVLRSDTKLAQLRKALPWLHEQLPQLKVITVNIQPVHMAIMEGETEIYLTEQQALAERFNDVPLWIRPQSFFQTNPAVASQLYATARDWVRQLPVKHMWDLFCGVGGFGLHCATPDMQLTGIEIASEAIACAKQSAAELGLTRLQFQALDSTQFATAQGDVPELVLVNPPRRGIGKPLCDYLSTMAPRFIIYSSCNAQTMAKDIRELPGFRIERVQLFDMFPHTAHYEVLTLLVKQ;atgcagtgcgcactttacgacgcgggtcgctgtcgttcctgtcagtggataatgcagccgattccagagcaactctccgctaaaaccgccgatcttaaaaatctgctcgccgactttccggttgaggaatggtgcgcgccggtgtcaggcccggaacaagggtttcgtaataaagccaaaatggtggtgagtggtagcgttgaaaaaccactgctcggtatgctgcatcgcgatggcacaccagaagacctttgtgactgcccgctttatcctgcctcatttgcgcccgtttttgcggcgctaaaaccgtttatcgcccgagcggggttaacgccctacaacgtggcgcgtaagcgtggcgaactgaaatacattctgctgactgaaagccagagtgatggaggcatgatgctgcgctttgtactgcgttctgataccaagctggcgcaactgcgtaaggcgctgccgtggttacacgaacaactaccgcagctgaaagttattaccgtcaatattcagccggtacatatggcgattatggaaggggagacggagatctacctgaccgaacaacaggcactggcggagcgttttaatgacgtaccgctgtggatccgtccgcaaagtttcttccagactaatccggcggtcgccagccagttgtacgccaccgcgcgcgactgggtacgacagctgccggttaaacatatgtgggatctgttctgcggtgtggggggctttggtttacactgcgcgacgcctgacatgcagttaaccgggatcgaaattgcatcagaggccattgcctgtgcaaagcagtcagccgctgaactgggcttaacgcgtttgcaatttcaggcgctggactccactcagtttgccaccgctcagggggatgtgccggagctggtgctggttaacccgccgcgccgcggcattggtaaaccgctgtgtgattatctctcaacgatggcaccgcgttttatcatctactccagctgtaacgcccaaactatggcgaaagatatccgcgaactgcctgggtttcgtattgaacgggtgcagcttttcgatatgttcccgcataccgcgcactatgaagtgctgacgctgctggtgaagcaataa;41955.3;
selb;c000148;protein;b3590;EG10942;selB;1845;614;MIIATAGHVDHGKTTLLQAITGVNADRLPEEKKRGMTIDLGYAYWPQPDGRVPGFIDVPGHEKFLSNMLAGVGGIDHALLVVACDDGVMAQTREHLAILQLTGNPMLTVALTKADRVDEARVDEVERQVKEVLREYGFAEAKLFITAATEGRGMDALREHLLQLPEREHASQHSFRLAIDRAFTVKGAGLVVTGTALSGEVKVGDSLWLTGVNKPMRVRALHAQNQPTETANAGQRIALNIAGDAEKEQINRGDWLLADVPPEPFTRVIVELQTHTPLTQWQPLHIHHAASHVTGRVSLLEDNLAELVFDTPLWLADNDRLVLRDISARNTLAGARVVMLNPPRRGKRKPEYLQWLASLARAQSDADALSVHLERGAVNLADFAWARQLNGEGMRELLQQPGYIQAGYSLLNAPVAARWQRKILDTLATYHEQHRDEPGPGRERLRRMALPMEDEALVLLLIEKMRESGDIHSHHGWLHLPDHKAGFSEEQQAIWQKAEPLFGDEPWWVRDLAKETGTDEQAMRLTLRQAAQQGIITAIVKDRYYRNDRIVEFANMIRDLDQECGSTCAADFRDRLGVGRKLAIQILEYFDRIGFTRRRGNDHLLRDALLFPEK;atgattattgcgactgccggacacgttgaccacggcaaaacaaccttattgcaggcgattactggcgtaaatgctgaccgtctgccggaagaaaaaaagcgcggcatgaccatcgatctcggctatgcctactggccgcagccggatggtcgcgtgcctggttttatcgacgttcccggtcatgaaaagtttctttccaacatgctggcgggcgttggtggtatcgatcacgcgctgttggtggtggcgtgcgatgacggcgtgatggcacagacccgtgagcatctggcgattttgcagctgaccggtaacccgatgctgacagtggcgctgaccaaagccgatcgcgtggacgaagcgcgtgttgatgaggttgaacgccaggtaaaggaggttctgcgggaatacggttttgctgaggcaaaactgtttatcaccgcagcaaccgaaggtcggggaatggatgccctgcgcgagcatctgcttcagttgccggaacgcgagcacgccagccaacatagtttccgcctcgcgattgaccgcgcatttaccgtaaaaggtgccgggctggtcgtcaccggtacggcgttaagcggggaagtgaaggtaggcgattcactctggctgactggtgtaaataaaccgatgcgtgtacgtgcgctgcatgcgcaaaaccagccaacagaaaccgccaatgccgggcagcgtatcgcgcttaacatcgcgggtgatgcggaaaaagagcagattaaccgtggcgactggctgcttgccgatgtgccgccagagccgttcacacgggtgattgtcgagcttcaaacccatacaccgctgacccagtggcagccgctgcatattcaccacgccgccagccacgtcacgggacgcgtttcactgctggaagataaccttgctgaactggtcttcgacaccccgttatggctggcagataacgaccgcctggtattgcgcgatatctctgcccgcaacacgctggccggagcgcgcgtcgtgatgcttaacccgccgcgtcgcggtaaacgtaagccggaatatctgcaatggctggcgtctcttgcacgggcgcagagcgatgccgatgcgttatctgttcatctggaacgcggcgcggttaaccttgcggatttcgcctgggcgcgccagctcaacggcgaagggatgcgcgaattgctgcaacagcctggttatattcaggctggttatagcttgttgaatgcgccggttgccgcccgctggcagcggaaaattctcgacacattagcgacttatcatgagcaacatcgcgatgaacctggccctgggcgcgaacgtctgcgacgtatggcgttgccaatggaagatgaagcgctggtactgttgctgattgaaaagatgcgcgaaagcggcgacatccacagccatcacggctggctgcatctgccagatcacaaagcgggcttcagcgaagagcagcaggccatctggcaaaaagcagagccactgtttggtgacgaaccgtggtgggtgcgtgacctggcaaaagagacgggaaccgacgagcaggcaatgcgcctgactctacgccaggcggcgcagcaaggaataattaccgcgatcgttaaagatcgttattaccgtaacgatcggattgtcgagtttgccaatatgatccgcgatctcgatcaggagtgtggttcaacctgcgcggcggatttccgcgatcgcttaggcgtaggccgaaagctggcaattcagattctggaatattttgaccgcattggctttacgcgtcgtcgtggaaatgatcatttattgcgcgacgcattattatttccggaaaaataa;68866.6;
mrnacodonala;c000149;RNA;;;;3;0;;;990.0;
mrnacodonarg;c000150;RNA;;;;3;0;;;990.0;
mrnacodonasn;c000151;RNA;;;;3;0;;;990.0;
mrnacodonasp;c000152;RNA;;;;3;0;;;990.0;
mrnacodoncys;c000153;RNA;;;;3;0;;;990.0;
mrnacodongln;c000154;RNA;;;;3;0;;;990.0;
mrnacodonglu;c000155;RNA;;;;3;0;;;990.0;
mrnacodongly;c000156;RNA;;;;3;0;;;990.0;
mrnacodonhis;c000157;RNA;;;;3;0;;;990.0;
mrnacodonile;c000158;RNA;;;;3;0;;;990.0;
mrnacodonleu;c000159;RNA;;;;3;0;;;990.0;
mrnacodonlys;c000160;RNA;;;;3;0;;;990.0;
mrnacodonmet;c000161;RNA;;;;3;0;;;990.0;
mrnacodonphe;c000162;RNA;;;;3;0;;;990.0;
mrnacodonpro;c000163;RNA;;;;3;0;;;990.0;
mrnacodonser;c000164;RNA;;;;3;0;;;990.0;
mrnacodonthr;c000165;RNA;;;;3;0;;;990.0;
mrnacodontrp;c000166;RNA;;;;3;0;;;990.0;
mrnacodontyr;c000167;RNA;;;;3;0;;;990.0;
mrnacodonuaa;c000168;RNA;;;;3;0;;;990.0;
mrnacodonuag;c000169;RNA;;;;3;0;;;990.0;
mrnacodonuga;c000170;RNA;;;;3;0;;;990.0;
mrnacodonval;c000171;RNA;;;;3;0;;;990.0;
prerrna16s;c000172;RNA;b3851;"EG30085, EG30086, EG30087, EG30088, EG30089 , EG30090; K01977";rrsA, rrsB, rrsC, rrsD, rrsE, rrsG, rrsH;1542;0;;;508860.0;
prerrna23s;c000173;RNA;b0204;EG30078, EG30079, EG30080, EG30081, EG30082, EG30083;rrlH, rrlG, rrlE, rrlD, rrlC, rrlB;2904;0;;;958320.0;
rrna16s;c000174;RNA;b3851;"EG30085, EG30086, EG30087, EG30088, EG30089 , EG30090; K01977";rrsA, rrsB, rrsC, rrsD, rrsE, rrsG, rrsH;1542;0;;;479462.3;
rrna23s;c000175;RNA;b0204;EG30078, EG30079, EG30080, EG30081, EG30082, EG30083;rrlH, rrlG, rrlE, rrlD, rrlC, rrlB;2904;0;;;903535.6;
rrna5s;c000176;RNA;b0205;EG3007, EG30072, EG30073, EG30074, EG30091 EG30075, EG30076;rrfH, rrfG, rrfF, rrfE, rrfD, rrfC, rrfB;120;0;;;37213.6;
trnaala;c000177;RNA;b2396, b2397, b3276, b3853, b0203;EG30012, EG30011, EG30009, EG30008, EG30010;alaX, alaW, alaU, alaT, alaV;76;0;;ggggctatagctcagctgggagagcgcttgcatggcatgcaagaggtcagcggttcgatcccgcttagctccacca;24587.5;Only showing first gene sequence
trnaarg;c000178;RNA;b0536, b2693, b2691, b2694, b3796, b2348, b2692;EG30014, EG30018, EG30013, EG30015, EG30017, EG30016, EG30019;argU, argY, argQ, argV, argX, argW, argZ;77;0;;gcgcccttagctcagttggatagagcaacgaccttctaagtcgtgggccgcaggttcgaatcctgcagggcgcgcca;24852.7;Only showing first gene sequence
trnaasn;c000179;RNA;b1986, b1984, b1977, b1989;EG30021,G7069, EG30020, EG30022;asnU,asnW, asnT, asnV;77;0;;tcctctgtagttcagtcggtagaacggcggactgttaatccgtatgtcactggttcgagtccagtcagaggagcca;24496.4;Only showing first gene sequence
trnaasp;c000180;RNA;b0206, b3760, b0216;EG30024, EG30023, EG30025;aspU, aspT, aspV;77;0;;ggagcggtagttcagtcggttagaatacctgcctgtcacgcagggggtcgcgggttcgagtcccgtccgttccgcca;24878.6;Only showing first gene sequence
trnacys;c000181;RNA;b1910;G7991;cysT;74;0;;ggcgcgttaacaaagcggttatgtagcggattgcaaatccgtctagtccggttcgactccggaacgcgcctcca;23842.1;Only showing first gene sequence
trnagln;c000182;RNA;b0670, b0655, b0668, b0664;EG30028, EG30029, EG30030, EG30031;glnU, glnV, glnW, glnX;75;0;;tggggtatcgccaagcggtaaggcaccggtttttgataccggcattccctggttcgaatccaggtaccccagcca;24124.0;Only showing first gene sequence
trnaglu;c000183;RNA;b3969, b3757, b4008, b2590 ;EG30032, EG30033, EG30034, EG30035;gltT, gltU, gltV, gltW;76;0;;gtccccttcgtctagaggcccaggacaccgccctttcacggcggtaacaggggttcgaatcccctaggggacgcca;24441.5;Only showing first gene sequence
trnagly;c000184;RNA;b3978, b2864, b4163, b1911, b4164, b4165;EG30036, EG30037, EG30038, EG30039, EG30040;glyT, glyU, glyV, glyW, glyX, glyY;75;0;;gcgggcatcgtataatggctattacctcagccttccaagctgatgatgcgggttcgattcccgctgcccgctcca;23998.1;Only showing first gene sequence
trnahis;c000185;RNA;b3797;EG30042;hisR;85;0;;ggtggggttcccgagcggccaaagggagcagactgtaaatctgccgtcacagacttcgaaggttcgaatccttcccccaccacca;27374.2;Only showing first gene sequence
trnaile;c000186;RNA;b3852, b3277, b0202, b3069, b2652;EG30043, EG30044, EG30045, EG30046, G7387;ileT, ileU, ileV, ileX, ileY;87;0;;ggtggggttcccgagcggccaaagggagcagactgtaaatctgccgtcacagacttcgaaggttcgaatccttcccccaccacca;24918.7;Only showing first gene sequence
trnaleu;c000187;RNA;b3174, b0672, b4270, b3798, b4370, b4369, b1909, b4368;EG30050, EG30052, EG30053, EG30049, EG30048, EG30047, EG30054, EG30051;leuU, leuW, leuX, leuT, leuQ, leuP, leuZ, leuV;76;0;;;26382.8;
trnalys;c000188;RNA;b0749, b0747, b0745, b0743, b0748, b2404;G6392, G6390, EG30057, EG30055, G6391, EG30056;lysQ, lysY, lysW, lysT , lysZ, lysV;76;0;;gggtcgttagctcagttggtagagcagttgacttttaatcaattggtcgcaggttcgaatcctgcacgacccacca;24441.4;Only showing first gene sequence
trnamet;c000189;RNA;b0673, b0666;EG30058, EG30059;metT, metU;77;0;;cgcggggtggagcagcctggtagctcgtcgggctcataacccgaaggtcgtcggttcaaatccggcccccgcaacca;24865.7;Only showing first gene sequence
trnaphe;c000190;RNA;b4134, b2967;EG30064, EG30065;pheU, pheV;77;0;;gcccggatagctcagtcggtagagcaggggattgaaaatccccgtgtccttggttcgattccgagtccgggcacca;24548.0;Only showing first gene sequence
trnapro;c000191;RNA;b3545, b2189;EG30066, EG30067;proK, proL;77;0;;cggtgattggcgcagcctggtagcgcacttcgttcgggacgaaggggtcggaggttcgaatcctctatcaccgacca;24909.7;Only showing first gene sequence
trnaser;c000192;RNA;b1975, b2695, b0883, b1032, b0971;EG30094, EG30095, EG30096, EG30097, EG30093;serU, serV, serW, serX, serT;90;0;;ggagagatgccggagcggctgaacggaccggtctcgaaaaccggagtaggggcaactctaccgggggttcaaatccccctctctccgcca;29138.3;Only showing first gene sequence
trnathr;c000194;RNA;b3976, b0244, b3979, b3273;EG30101, EG30104, EG30101, EG30103;thrU, thrW, thrT, thrV;76;0;;gccgacttagctcagtaggtagagcaactgacttgtaatcagtaggtcaccagttcgattccggtagtcggcacca;24486.5;Only showing first gene sequence
trnatrp;c000195;RNA;b3761;EG30105;trpT;76;0;;aggggcgtagttcaattggtagagcaccggtctccaaaaccgggtgttgggagttcgagtctctccgcccctgcca;24525.5;Only showing first gene sequence
trnatyr;c000196;RNA;b3977, b1230, b1231;EG30106, EG30108, EG30106;tyrU, tyrV, tyrT;85;0;;ggtggggttcccgagcggccaaagggagcagactgtaaatctgccgtcacagacttcgaaggttcgaatccttcccccaccacca;27374.2;Only showing first gene sequence
trnaval;c000197;RNA;b2401, b1666, b1665, b2402, b0744, b0746, b2403;EG30109, EG30112, EG30111, EG30113, EG30109, ECK0735, EG30114;valU, valW, valV, valX, valT, valZ, valY;76;0;;gggtgattagctcagctgggagagcacctcccttacaaggagggggtcggcggttcgatcccgtcatcacccacca;24546.5;Only showing first gene sequence
glu;c000197;metabolite;;;;;;;;147.1;